cdparametresiseeaux,cdparametre,libmajparametre,libminparametre,casparam,categorie_1,categorie_2,categorie_3,limite_qualite,limite_qualite_unite,limite_qualite_commentaire,limite_indicative,limite_indicative_unite,valeur_sanitaire_1,valeur_sanitaire_1_unite,valeur_sanitaire_1_commentaire,valeur_sanitaire_2,valeur_sanitaire_2_unite,valeur_sanitaire_2_commentaire,web_label,statut_autorisation,commentaire
124TAZ,6808,"1,2,4 TRIAZOLE","1,2,4 Triazole",288-88-0,pesticide,metabolite,pertinent,0.1,µg/L,Limite de qualité réglementaire valable pour chaque substance active pesticide et métabolite pertinent,,,51,µg/L,Vmax établie par l'Anses en 2025,,,,124TAZ,Autorisé,
BZCLON,9281,BENZOBICYCLON,Benzobicyclon,156963-66-5,pesticide,sub_active,,0.1,µg/L,Limite de qualité réglementaire valable pour chaque substance active pesticide et métabolite pertinent,,,0.142,µg/L,Valeur recommandée par le HCSP en l'absence de Vmax ou VST,,,,BZCLON,,
TFA,8858,ACIDE TRIFULOROACÉTIQUE,acide trifluoroacétique,76-05-1,pfas,,,,,,,,,,,,,,TFA,,
PFOA,5347,ACIDE PERFLUORO-OCTANOÏQUE,Acide perfluoro-octanoïque,335-67-1,pfas,,,,,,,,0.075,µg/L,Valeur sanitaire indicative établie par l'Anses en 2017. (Valeur établie pour une population adulte (> 60 kg). Valeur en cours de révision par l'Anses),,,,PFOA,,
PFHPA,5977,ACIDE PERFLUOROHEPTANOÏQUE,Acide perfluoroheptanoïque,375-85-9,pfas,,,,,,,,0.075,µg/L,Valeur sanitaire indicative établie par l'Anses en 2017. (Valeur établie pour une population adulte (> 60 kg). Valeur en cours de révision par l'Anses),,,,PFHPA,,
PFHXA,5978,ACIDE PERFLUOROHEXANOÏQUE,Acide perfluorohexanoïque,307-24-4,pfas,,,,,,,,960,µg/L,Valeur sanitaire indicative établie par l'Anses en 2017. (Valeur établie pour une population adulte (> 60 kg). Valeur en cours de révision par l'Anses),,,,PFHXA,,
PFPEA,5979,ACIDE PERFLUOROPENTANOÏQUE,Acide perfluoropentanoïque,2706-90-3,pfas,,,,,,,,960,µg/L,Valeur sanitaire indicative établie par l'Anses en 2017 (Valeur établie pour une population adulte (> 60 kg). Valeur en cours de révision par l'Anses),,,,PFPEA,,
PFBA,5980,ACIDE PERFLUOROBUTANOÏQUE,Acide perfluorobutanoïque,375-22-4,pfas,,,,,,,,72,µg/L,Valeur sanitaire indicative établie par l'Anses en 2017 (Valeur établie pour une population adulte (> 60 kg). Valeur en cours de révision par l'Anses),,,,PFBA,,
PFBS,6025,PERFLUOROBUTANE SULFONATE,Perfluorobutane sulfonate,59933-66-3,pfas,,,,,,,,240,µg/L,Valeur sanitaire indicative établie par l'Anses en 2017 (Valeur établie pour une population adulte (> 60 kg). Valeur en cours de révision par l'Anses),,,,PFBS,,
PFDODA,6507,ACIDE PERFLUORODODÉCANOIQUE,Acide perfluorododécanoique (PFDoDA),307-55-1,pfas,,,,,,,,,,Valeur sanitaire en cours d'élaboration par l'Anses,,,,PFDoDA,,
PFNA,6508,ACIDE PERFLUORO-NONANOÏQUE,Acide perfluoro-nonanoïque,375-95-1,pfas,,,,,,,,,,Valeur sanitaire en cours d'élaboration par l'Anses,,,,PFNA,,
PFDA,6509,ACIDE PERFLUORO-DECANOÏQUE,Acide perfluoro-decanoïque,335-76-2,pfas,,,,,,,,,,Valeur sanitaire en cours d'élaboration par l'Anses,,,,PFDA,,
PFUNA,6510,ACIDE PERFLUORO UNDECANOÏQUE,Acide perfluoro undecanoïque (PFUnA),2058-94-8,pfas,,,,,,,,,,Valeur sanitaire en cours d'élaboration par l'Anses,,,,PFUnA,,
PFHPS,6542,ACIDE PERFLUOROHEPTANE SULFONIQUE,Acide perfluoroheptane sulfonique (PFHpS),375-92-8,pfas,,,,,,,,,,Valeur sanitaire en cours d'élaboration par l'Anses,,,,PFHpS,,
PFTRDA,6549,ACIDE PERFLUORO TRIDECANOIQUE,Acide perfluoro tridecanoique (PFTrDA),72629-94-8,pfas,,,,,,,,,,Valeur sanitaire en cours d'élaboration par l'Anses,,,,PFTrDA,,
PFDS,6550,ACIDE PERFLUORODECANE SULFONIQUE ,Acide perfluorodecane sulfonique ,335-77-3,pfas,,,,,,,,,,Valeur sanitaire en cours d'élaboration par l'Anses,,,,PFDS,,
ASPFOS,6560,ACIDE PERFLUOROOCTANE SULFONIQUE,Acide perfluorooctane sulfonique (PFOS),1763-23-1,pfas,,,,,,,,,,Valeur sanitaire en cours d'élaboration par l'Anses,,,,ASPFOS,,
PFOS,6561,ACIDE SULFONIQUE DE PERFLUOROOCTANE,Acide sulfonique de perfluorooctane,1763-23-1,pfas,,,,,,,,0.18,µg/L,Valeur sanitaire indicative établie par l'Anses en 2017 (Valeur établie pour une population adulte (> 60 kg). Valeur en cours de révision par l'Anses),,,,PFOS,,
PFHXS,6830,PERFLUOROHEXANE SULFONATE,Perfluorohexane sulfonate,355-46-4,pfas,,,,,,,,12,µg/L,Valeur sanitaire indicative établie par l'Anses en 2017 (Valeur établie pour une population adulte (> 60 kg). Valeur en cours de révision par l'Anses),,,,PFHxS,,
PFPS,8738,ACIDE PERFLUOROPENTANE SULFONIQUE,Acide perfluoropentane sulfonique (PFPS),2706-91-4,pfas,,,,,,,,,,Valeur sanitaire en cours d'élaboration par l'Anses,,,,PFPS,,
PFNS,8739,ACIDE PERFLUORONONANE SULFONIQUE,Acide perfluorononane sulfonique (PFNS),68259-12-1,pfas,,,,,,,,,,Valeur sanitaire en cours d'élaboration par l'Anses,,,,PFNS,,
PFUNDS,8740,ACIDE PERFLUORO UNDECANE SULFONIQUE,Acide perfluoro undecane sulfonique (PFUnDS),749786-16-1,pfas,,,,,,,,,,Valeur sanitaire en cours d'élaboration par l'Anses,,,,PFUnDS,,
PFDODS,8741,ACIDE PERFLUORODODÉCANE SULFONIQUE ,Acide perfluorododécane sulfonique (PFDoDS),79780-39-5,pfas,,,,,,,,,,Valeur sanitaire en cours d'élaboration par l'Anses,,,,PFDoDS,,
PFTRDS,8742,ACIDE PERFLUORO TRIDECANE SULFONIQUE,Acide perfluoro tridecane sulfonique (PFTrDS),791563-89-8,pfas,,,,,,,,,,Valeur sanitaire en cours d'élaboration par l'Anses,,,,PFTrDS,,
SPFAS,8847,SOMME DE 20 PFAS,Somme de 20 substances perfluoroalkylées (PFAS),,pfas,,,0.1,µg/L,"Limite de qualité réglementaire pour la somme des concentrations de 20 PFAS issue de la Directive européenne ""eau potable"", adoptée officiellement par la France. Attention, cette norme est critiquée par la communauté scientifique qui ne la juge pas suffisamment protectrice",,,,,,,,,Somme des 20 PFAS,,
SUM_4_PFAS,, ,Somme de 4 PFAS (PFOA PFOS PFNA PFHXS),,pfas,,,0.02,µg/L,"Limite non réglementaire, recommandée par le Haut Conseil de la Santé publique pour la somme des concentrations de 4 PFAS (PFOA, PFOS, PFNA, PFHxS). Valeur non retenue par le ministère de la Santé.",,,,,,,,,Somme des 4 PFAS,,
CLVYL,1753,CHLORURE DE VINYL MONOMÈRE,Chlorure de vinyl monomère,75-01-4,cvm,,,0.5,µg/L,,,,,,,,,,Chlorure de vinyl monomère,,
NO3,1340,NITRATES (EN NO3),Nitrates (en NO3),14797-55-8,nitrate,,,,,,,,50,mg/L,Limite réglementaire et sanitaire ,,,,Nitrates (en NO3),,
AS,1369,ARSENIC,Arsenic,7440-38-2,metaux_lourds,,,10,µg/L,Limite réglementaire,,,13,µg/L,,,,,Arsenic,,
PB,1382,PLOMB,Plomb,7439-92-1,metaux_lourds,,,10,µg/L,Limite réglementaire applicable jusqu'au 31 décembre 2035,,,,,,,,,Plomb,,
14DAN,1580,"1,4 DIOXANE","1,4 dioxane",123-91-1,substances_indus,,,,,Il n'existe pas de valeur réglementaire pour cette substance,,,0.35,µg/L,Limite non réglementaire préconisée par l'agence américaine de protection de l'environnement et recommandée par les ARS,,,,"1,4 dioxane",,
PCLAT,6219,PERCHLORATE,Perchlorate,14797-73-0,substances_indus,,,,,Il n'existe pas de valeur réglementaire pour cette substance,,,4,µg/L,Le ministère de la santé recommande de limiter l’utilisation d’eau dont la teneur en ions perchlorate dépasse 4 µg/L pour la préparation des biberons des nourrissons de moins de 6 mois ,15,µg/L,Le ministère de la santé recommande de limiter la consommation d’eau dont la teneur en ions perchlorate dépasse 15 µg/L pour les femmes enceintes et allaitantes (protégeant ainsi fœtus et nourrissons).,Perchlorate,,
CLMPE,1083,CHLORPYRIPHOS ÉTHYL,Chlorpyriphos éthyl,2921-88-2,pesticide,sub_active,,0.1,µg/L,Limite de qualité réglementaire valable pour chaque substance active pesticide et métabolite pertinent,,,30,µg/L,Vmax établie par l'Anses en 2008,,,,Chlorpyriphos éthyl,,
PSFC,1092,PROSULFOCARBE,Prosulfocarbe,52888-80-9,pesticide,sub_active,,0.1,µg/L,Limite de qualité réglementaire valable pour chaque substance active pesticide et métabolite pertinent,,,11,µg/L,Vmax établie par l'Anses en 2020,,,,Prosulfocarbe,Autorisé,
THIODIC,1093,THIODICARBE,Thiodicarbe,59669-26-0,pesticide,sub_active,,0.1,µg/L,Limite de qualité réglementaire valable pour chaque substance active pesticide et métabolite pertinent,,,0.142,µg/L,Valeur recommandée par le HCSP en l'absence de Vmax ou VST,,,,Thiodicarbe,,
CHINE,1094,LAMBDA CYHALOTHRINE,Lambda Cyhalothrine,91465-08-06,pesticide,sub_active,,0.1,µg/L,Limite de qualité réglementaire valable pour chaque substance active pesticide et métabolite pertinent,,,0.142,µg/L,Valeur recommandée par le HCSP en l'absence de Vmax ou VST,,,,Lambda Cyhalothrine,,
ACP,1100,ACÉPHATE,Acéphate,30560-19-1,pesticide,sub_active,,0.1,µg/L,Limite de qualité réglementaire valable pour chaque substance active pesticide et métabolite pertinent,,,0.142,µg/L,Valeur recommandée par le HCSP en l'absence de Vmax ou VST,,,,Acéphate,,
ALCL,1101,ALACHLORE,Alachlore,15972-60-8,pesticide,sub_active,,0.1,µg/L,Limite de qualité réglementaire valable pour chaque substance active pesticide et métabolite pertinent,,,2,µg/L,"Vmax établie par l'Anses en 2007 2 (associée à ERI =
 10-6)",,,,Alachlore,,
ADC,1102,ALDICARBE,Aldicarbe,0116-06-03,pesticide,sub_active,,0.1,µg/L,Limite de qualité réglementaire valable pour chaque substance active pesticide et métabolite pertinent,,,10,µg/L,Vmax établie par l'Anses en 2007,,,,Aldicarbe,,
ALDR,1103,ALDRINE,Aldrine,309-00-2,pesticide,sub_active,,0.03,µg/L,Limite de qualité réglementaire pour la substance active aldrine,,,0.03,µg/L,Vmax établie par l'Anses en 2007 (0.03 µg/L pour la somme de l'aldrine et dieldrine),,,,Aldrine,,
AMTH,1104,AMÉTHRYNE,Améthryne,0834-12-8,pesticide,sub_active,,0.1,µg/L,Limite de qualité réglementaire valable pour chaque substance active pesticide et métabolite pertinent,,,216,µg/L,Vmax établie par l'Anses en 2013,,,,Améthryne,,
AMNTZ,1105,AMINOTRIAZOLE,Aminotriazole,61-82-5,pesticide,sub_active,,0.1,µg/L,Limite de qualité réglementaire valable pour chaque substance active pesticide et métabolite pertinent,,,3,µg/L,Vmax établie par l'Anses en 2007,,,,Aminotriazole,Interdit,
ATRZ,1107,ATRAZINE,Atrazine,1912-24-9,pesticide,sub_active,,0.1,µg/L,Limite de qualité réglementaire valable pour chaque substance active pesticide et métabolite pertinent,,,60,µg/L,Vmax établie par l'Anses en 2016,,,,Atrazine,Interdit,
ADET,1108,ATRAZINE DÉSÉTHYL,Atrazine déséthyl,6190-65-4,pesticide,metabolite,pertinent_par_defaut,0.1,µg/L,Limite de qualité réglementaire valable pour chaque substance active pesticide et métabolite pertinent,,,60,µg/L,Vmax établie par l'Anses en 2016,,,,Atrazine déséthyl,Interdit,
ADSP,1109,ATRAZINE-DÉISOPROPYL,Atrazine-déisopropyl,1007-28-9,pesticide,metabolite,pertinent_par_defaut,0.1,µg/L,Limite de qualité réglementaire valable pour chaque substance active pesticide et métabolite pertinent,,,60,µg/L,Vmax établie par l'Anses en 2016,,,,Atrazine-déisopropyl,Interdit,
AZINE,1110,AZINPHOS ÉTHYL,Azinphos éthyl,2642-71-9,pesticide,sub_active,,0.1,µg/L,Limite de qualité réglementaire valable pour chaque substance active pesticide et métabolite pertinent,,,0.142,µg/L,Valeur recommandée par le HCSP en l'absence de Vmax ou VST,,,,Azinphos éthyl,,
AZIN,1111,AZINPHOS MÉTHYL,Azinphos méthyl,86-50-0,pesticide,sub_active,,0.1,µg/L,Limite de qualité réglementaire valable pour chaque substance active pesticide et métabolite pertinent,,,0.142,µg/L,Valeur recommandée par le HCSP en l'absence de Vmax ou VST,,,,Azinphos méthyl,,
BFLN,1112,BENFLURALINE,Benfluraline,1861-40-1,pesticide,sub_active,,0.1,µg/L,Limite de qualité réglementaire valable pour chaque substance active pesticide et métabolite pertinent,,,0.142,µg/L,Valeur recommandée par le HCSP en l'absence de Vmax ou VST,,,,Benfluraline,,
BTZ,1113,BENTAZONE,Bentazone,25057-89-0,pesticide,sub_active,,0.1,µg/L,Limite de qualité réglementaire valable pour chaque substance active pesticide et métabolite pertinent,,,300,µg/L,Vmax établie par l'Anses en 2007,,,,Bentazone,Autorisé,
BFNX,1119,BIFENOX,Bifenox,42576-02-03,pesticide,sub_active,,0.1,µg/L,Limite de qualité réglementaire valable pour chaque substance active pesticide et métabolite pertinent,,,0.142,µg/L,Valeur recommandée par le HCSP en l'absence de Vmax ou VST,,,,Bifenox,,
BFINE,1120,BIFENTHRINE,Bifenthrine,82657-04-03,pesticide,sub_active,,0.1,µg/L,Limite de qualité réglementaire valable pour chaque substance active pesticide et métabolite pertinent,,,0.142,µg/L,Valeur recommandée par le HCSP en l'absence de Vmax ou VST,,,,Bifenthrine,,
BROMOE,1123,BROMOPHOS ÉTHYL,Bromophos éthyl,4824-78-6,pesticide,sub_active,,0.1,µg/L,Limite de qualité réglementaire valable pour chaque substance active pesticide et métabolite pertinent,,,0.142,µg/L,Valeur recommandée par le HCSP en l'absence de Vmax ou VST,,,,Bromophos éthyl,,
BRPH,1124,BROMOPHOS MÉTHYL,Bromophos méthyl,2104-96-3,pesticide,sub_active,,0.1,µg/L,Limite de qualité réglementaire valable pour chaque substance active pesticide et métabolite pertinent,,,0.142,µg/L,Valeur recommandée par le HCSP en l'absence de Vmax ou VST,,,,Bromophos méthyl,,
BRXY,1125,BROMOXYNIL,Bromoxynil,1689-84-5,pesticide,sub_active,,0.1,µg/L,Limite de qualité réglementaire valable pour chaque substance active pesticide et métabolite pertinent,,,0.142,µg/L,Valeur recommandée par le HCSP en l'absence de Vmax ou VST,,,,Bromoxynil,,
BUT,1126,BUTRALINE,Butraline,33629-47-9,pesticide,sub_active,,0.1,µg/L,Limite de qualité réglementaire valable pour chaque substance active pesticide et métabolite pertinent,,,0.142,µg/L,Valeur recommandée par le HCSP en l'absence de Vmax ou VST,,,,Butraline,,
CPT,1127,CAPTAFOL,Captafol,01/06/2425,pesticide,sub_active,,0.1,µg/L,Limite de qualité réglementaire valable pour chaque substance active pesticide et métabolite pertinent,,,0.142,µg/L,Valeur recommandée par le HCSP en l'absence de Vmax ou VST,,,,Captafol,,
CAPT,1128,CAPTANE,Captane,0133-06-02,pesticide,sub_active,,0.1,µg/L,Limite de qualité réglementaire valable pour chaque substance active pesticide et métabolite pertinent,,,0.142,µg/L,Valeur recommandée par le HCSP en l'absence de Vmax ou VST,,,,Captane,,
CBDZ,1129,CARBENDAZIME,Carbendazime,10605-21-7,pesticide,sub_active,,0.1,µg/L,Limite de qualité réglementaire valable pour chaque substance active pesticide et métabolite pertinent,,,60,µg/L,Vmax établie par l'Anses en 2008,,,,Carbendazime,Interdit,
CARBR,1130,CARBOFURAN,Carbofuran,1563-66-2,pesticide,sub_active,,0.1,µg/L,Limite de qualité réglementaire valable pour chaque substance active pesticide et métabolite pertinent,,,3,µg/L,Vmax établie par l'Anses en 2007,,,,Carbofuran,,
CBPT,1131,CARBOPHÉNOTION,Carbophénotion,786-19-6,pesticide,sub_active,,0.1,µg/L,Limite de qualité réglementaire valable pour chaque substance active pesticide et métabolite pertinent,,,0.142,µg/L,Valeur recommandée par le HCSP en l'absence de Vmax ou VST,,,,Carbophénotion,,
CLAN,1132,CHLORDANE,Chlordane,57-74-9,pesticide,sub_active,,0.1,µg/L,Limite de qualité réglementaire valable pour chaque substance active pesticide et métabolite pertinent,,,0.142,µg/L,Valeur recommandée par le HCSP en l'absence de Vmax ou VST,,,,Chlordane,,
CLDZ,1133,CHLORIDAZONE,Chloridazone,1698-60-8,pesticide,sub_active,,0.1,µg/L,Limite de qualité réglementaire valable pour chaque substance active pesticide et métabolite pertinent,,,300,µg/L,Vmax établie par l'Anses en 2017,,,,Chloridazone,,
CLMP,1134,CHLORMÉPHOS,Chlorméphos,24934-91-6,pesticide,sub_active,,0.1,µg/L,Limite de qualité réglementaire valable pour chaque substance active pesticide et métabolite pertinent,,,0.142,µg/L,Valeur recommandée par le HCSP en l'absence de Vmax ou VST,,,,Chlorméphos,,
CTOL,1136,CHLORTOLURON,Chlortoluron,15545-48-9,pesticide,sub_active,,0.1,µg/L,Limite de qualité réglementaire valable pour chaque substance active pesticide et métabolite pertinent,,,30,µg/L,Vmax établie par l'Anses en 2007,,,,Chlortoluron,Autorisé,
CYANZ,1137,CYANAZINE,Cyanazine,21725-46-2,pesticide,sub_active,,0.1,µg/L,Limite de qualité réglementaire valable pour chaque substance active pesticide et métabolite pertinent,,,0.6,µg/L,Vmax établie par l'Anses en 2007,,,,Cyanazine,,
CYHAL,1138,CYHALOTHRINE,Cyhalothrine,68085-85-8,pesticide,sub_active,,0.1,µg/L,Limite de qualité réglementaire valable pour chaque substance active pesticide et métabolite pertinent,,,0.142,µg/L,Valeur recommandée par le HCSP en l'absence de Vmax ou VST,,,,Cyhalothrine,,
CYM,1139,CYMOXANIL,Cymoxanil,57966-95-7,pesticide,sub_active,,0.1,µg/L,Limite de qualité réglementaire valable pour chaque substance active pesticide et métabolite pertinent,,,1.5,µg/L,Vmax établie par l'Anses en 2020,,,,Cymoxanil,,
CYINE,1140,CYPERMÉTHRINE,Cyperméthrine,52315-07-08,pesticide,sub_active,,0.1,µg/L,Limite de qualité réglementaire valable pour chaque substance active pesticide et métabolite pertinent,,,0.142,µg/L,Valeur recommandée par le HCSP en l'absence de Vmax ou VST,,,,Cyperméthrine,,
24D,1141,"2,4-D","2,4-D",94-75-7,pesticide,sub_active,,0.1,µg/L,Limite de qualité réglementaire valable pour chaque substance active pesticide et métabolite pertinent,,,30,µg/L,Vmax établie par l'Anses en 2007,,,,"2,4-D",Autorisé,
24DB,1142,"2,4-DB","2,4-DB",94-82-6,pesticide,sub_active,,0.1,µg/L,Limite de qualité réglementaire valable pour chaque substance active pesticide et métabolite pertinent,,,0.142,µg/L,Valeur recommandée par le HCSP en l'absence de Vmax ou VST,,,,"2,4-DB",,
DDD24,1143,"DDD-2,4'","DDD-2,4'",53-19-0,pesticide,metabolite,pertinent_par_defaut,0.1,µg/L,Limite de qualité réglementaire valable pour chaque substance active pesticide et métabolite pertinent,,,0.142,µg/L,Valeur recommandée par le HCSP en l'absence de Vmax ou VST,,,,"DDD-2,4'",,
DDD44,1144,"DDD-4,4'","DDD-4,4'",72-54-8,pesticide,metabolite,pertinent_par_defaut,0.1,µg/L,Limite de qualité réglementaire valable pour chaque substance active pesticide et métabolite pertinent,,,0.142,µg/L,Valeur recommandée par le HCSP en l'absence de Vmax ou VST. L'Anses n'a pas pu établir de Vmax en 2008,,,,"DDD-4,4'",,
DDE24,1145,"DDE-2,4'","DDE-2,4'",3424-82-6,pesticide,metabolite,pertinent_par_defaut,0.1,µg/L,Limite de qualité réglementaire valable pour chaque substance active pesticide et métabolite pertinent,,,0.142,µg/L,Valeur recommandée par le HCSP en l'absence de Vmax ou VST,,,,"DDE-2,4'",,
DDE44,1146,"DDE-4,4'","DDE-4,4'",72-55-9,pesticide,metabolite,pertinent_par_defaut,0.1,µg/L,Limite de qualité réglementaire valable pour chaque substance active pesticide et métabolite pertinent,,,0.142,µg/L,Valeur recommandée par le HCSP en l'absence de Vmax ou VST,,,,"DDE-4,4'",,
DDT24,1147,"DDT-2,4'","DDT-2,4'",0789-02-06,pesticide,sub_active,,0.1,µg/L,Limite de qualité réglementaire valable pour chaque substance active pesticide et métabolite pertinent,,,0.142,µg/L,Valeur recommandée par le HCSP en l'absence de Vmax ou VST,,,,"DDT-2,4'",,
DDT44,1148,"DDT-4,4'","DDT-4,4'",50-29-3,pesticide,sub_active,,0.1,µg/L,Limite de qualité réglementaire valable pour chaque substance active pesticide et métabolite pertinent,,,0.142,µg/L,Valeur recommandée par le HCSP en l'absence de Vmax ou VST,,,,"DDT-4,4'",,
DTINE,1149,DELTAMÉTHRINE,Deltaméthrine,52918-63-5,pesticide,sub_active,,0.1,µg/L,Limite de qualité réglementaire valable pour chaque substance active pesticide et métabolite pertinent,,,0.142,µg/L,Valeur recommandée par le HCSP en l'absence de Vmax ou VST,,,,Deltaméthrine,,
SYSTOX,1150,DÉMÉTON-O,Déméton-O,0298-03-03,pesticide,sub_active,,0.1,µg/L,Limite de qualité réglementaire valable pour chaque substance active pesticide et métabolite pertinent,,,0.142,µg/L,Valeur recommandée par le HCSP en l'absence de Vmax ou VST,,,,Déméton-O,,
DMTS,1152,DÉMÉTON-S,Déméton-S,126-75-0,pesticide,sub_active,,0.1,µg/L,Limite de qualité réglementaire valable pour chaque substance active pesticide et métabolite pertinent,,,0.142,µg/L,Valeur recommandée par le HCSP en l'absence de Vmax ou VST,,,,Déméton-S,,
DMTSM,1153,DEMETON S MÉTHYL,Demeton S méthyl,919-86-8,pesticide,sub_active,,0.1,µg/L,Limite de qualité réglementaire valable pour chaque substance active pesticide et métabolite pertinent,,,0.142,µg/L,Valeur recommandée par le HCSP en l'absence de Vmax ou VST,,,,Demeton S méthyl,,
DMTE,1154,DEMÉTON S MÉTHYL SULFONÉ,Deméton S méthyl sulfoné,17040-19-6,pesticide,metabolite,pertinent_par_defaut,0.1,µg/L,Limite de qualité réglementaire valable pour chaque substance active pesticide et métabolite pertinent,,,0.142,µg/L,Valeur recommandée par le HCSP en l'absence de Vmax ou VST,,,,Deméton S méthyl sulfoné,,
DMTRY,1155,DESMÉTRYNE,Desmétryne,1014-69-3,pesticide,sub_active,,0.1,µg/L,Limite de qualité réglementaire valable pour chaque substance active pesticide et métabolite pertinent,,,0.142,µg/L,Valeur recommandée par le HCSP en l'absence de Vmax ou VST,,,,Desmétryne,,
DLL,1156,DIALLATE,Diallate,2303-16-4,pesticide,sub_active,,0.1,µg/L,Limite de qualité réglementaire valable pour chaque substance active pesticide et métabolite pertinent,,,0.142,µg/L,Valeur recommandée par le HCSP en l'absence de Vmax ou VST,,,,Diallate,,
DIAZ,1157,DIAZINON,Diazinon,333-41-5,pesticide,sub_active,,0.1,µg/L,Limite de qualité réglementaire valable pour chaque substance active pesticide et métabolite pertinent,,,0.6,µg/L,Vmax établie par l'Anses en 2008,,,,Diazinon,,
DCFT,1159,DICHLOFENTHION,Dichlofenthion,97-17-6,pesticide,sub_active,,0.1,µg/L,Limite de qualité réglementaire valable pour chaque substance active pesticide et métabolite pertinent,,,0.142,µg/L,Valeur recommandée par le HCSP en l'absence de Vmax ou VST,,,,Dichlofenthion,,
DCP,1169,DICHLORPROP,Dichlorprop,120-36-5,pesticide,sub_active,,0.1,µg/L,Limite de qualité réglementaire valable pour chaque substance active pesticide et métabolite pertinent,,,110,µg/L,Vmax établie par l'Anses en 2008,,,,Dichlorprop,Interdit,
DDVP,1170,DICHLORVOS,Dichlorvos,62-73-7,pesticide,sub_active,,0.1,µg/L,Limite de qualité réglementaire valable pour chaque substance active pesticide et métabolite pertinent,,,0.24,µg/L,Vmax établie par l'Anses en 2007,,,,Dichlorvos,,
DCFMT,1171,DICLOFOP MÉTHYL,Diclofop méthyl,51338-27-3,pesticide,sub_active,,0.1,µg/L,Limite de qualité réglementaire valable pour chaque substance active pesticide et métabolite pertinent,,,0.142,µg/L,Valeur recommandée par le HCSP en l'absence de Vmax ou VST,,,,Diclofop méthyl,,
DCFL,1172,DICOFOL,Dicofol,115-32-2,pesticide,sub_active,,0.1,µg/L,Limite de qualité réglementaire valable pour chaque substance active pesticide et métabolite pertinent,,,0.142,µg/L,Valeur recommandée par le HCSP en l'absence de Vmax ou VST,,,,Dicofol,,
HEOD,1173,DIELDRINE,Dieldrine,60-57-1,pesticide,sub_active,,0.03,µg/L,Limite de qualité réglementaire pour la substance active dieldrine,,,0.03,µg/L,Vmax établie par l'Anses en 2007 (0.03 µg/L pour la somme de l'aldrine et dieldrine),,,,Dieldrine,Interdit,
DIMTH,1175,DIMÉTHOATE,Diméthoate,60-51-5,pesticide,sub_active,,0.1,µg/L,Limite de qualité réglementaire valable pour chaque substance active pesticide et métabolite pertinent,,,0.142,µg/L,Valeur recommandée par le HCSP en l'absence de Vmax ou VST,,,,Diméthoate,,
DTERB,1176,DINOTERBE,Dinoterbe,1420-07-1,pesticide,sub_active,,0.1,µg/L,Limite de qualité réglementaire valable pour chaque substance active pesticide et métabolite pertinent,,,0.142,µg/L,Valeur recommandée par le HCSP en l'absence de Vmax ou VST. L'Anses n'a pas pu établir de valeur sanitaire en 2019,,,,Dinoterbe,Interdit,
DIU,1177,DIURON,Diuron,330-54-1,pesticide,sub_active,,0.1,µg/L,Limite de qualité réglementaire valable pour chaque substance active pesticide et métabolite pertinent,,,21,µg/L,Vmax établie par l'Anses en 2007,,,,Diuron,Interdit,
ENDOA,1178,ENDOSULFAN ALPHA,Endosulfan alpha,959-98-8,pesticide,metabolite,pertinent_par_defaut,0.1,µg/L,Limite de qualité réglementaire valable pour chaque substance active pesticide et métabolite pertinent,,,180,µg/L,Vmax établie par l'Anses en 2013,,,,Endosulfan alpha,,
ENDOB,1179,ENDOSULFAN BÉTA,Endosulfan béta,33213-65-9,pesticide,metabolite,pertinent_par_defaut,0.1,µg/L,Limite de qualité réglementaire valable pour chaque substance active pesticide et métabolite pertinent,,,0.142,µg/L,Valeur recommandée par le HCSP en l'absence de Vmax ou VST,,,,Endosulfan béta,,
ENDR,1181,ENDRINE,Endrine,72-20-8,pesticide,sub_active,,0.1,µg/L,Limite de qualité réglementaire valable pour chaque substance active pesticide et métabolite pertinent,,,0.142,µg/L,Valeur recommandée par le HCSP en l'absence de Vmax ou VST,,,,Endrine,,
EPTC,1182,EPTC,EPTC,759-94-4,pesticide,sub_active,,0.1,µg/L,Limite de qualité réglementaire valable pour chaque substance active pesticide et métabolite pertinent,,,0.142,µg/L,Valeur recommandée par le HCSP en l'absence de Vmax ou VST,,,,EPTC,,
ETHION,1183,ETHION,Ethion,0563-12-2,pesticide,sub_active,,0.1,µg/L,Limite de qualité réglementaire valable pour chaque substance active pesticide et métabolite pertinent,,,6,µg/L,Vmax établie par l'Anses en 2008,,,,Ethion,,
ETFS,1184,ETHOFUMÉSATE,Ethofumésate,26225-79-6,pesticide,sub_active,,0.1,µg/L,Limite de qualité réglementaire valable pour chaque substance active pesticide et métabolite pertinent,,,667,µg/L,Vmax établie par l'Anses en 2020,,,,Ethofumésate,Autorisé,
FERI,1185,FÉNARIMOL,Fénarimol,60168-88-9,pesticide,sub_active,,0.1,µg/L,Limite de qualité réglementaire valable pour chaque substance active pesticide et métabolite pertinent,,,0.142,µg/L,Valeur recommandée par le HCSP en l'absence de Vmax ou VST,,,,Fénarimol,,
FENCL,1186,FENCHLORPHOS,Fenchlorphos,299-84-3,pesticide,sub_active,,0.1,µg/L,Limite de qualité réglementaire valable pour chaque substance active pesticide et métabolite pertinent,,,0.142,µg/L,Valeur recommandée par le HCSP en l'absence de Vmax ou VST,,,,Fenchlorphos,,
FENIT,1187,FENITROTHION,Fenitrothion,122-14-5,pesticide,sub_active,,0.1,µg/L,Limite de qualité réglementaire valable pour chaque substance active pesticide et métabolite pertinent,,,0.142,µg/L,Valeur recommandée par le HCSP en l'absence de Vmax ou VST,,,,Fenitrothion,,
FEINE,1188,FENPROPATHRINE,Fenpropathrine,39515-41-8,pesticide,sub_active,,0.1,µg/L,Limite de qualité réglementaire valable pour chaque substance active pesticide et métabolite pertinent,,,0.142,µg/L,Valeur recommandée par le HCSP en l'absence de Vmax ou VST,,,,Fenpropathrine,,
FPPMP,1189,FENPROPIMORPHE,Fenpropimorphe,67564-91-4,pesticide,sub_active,,0.1,µg/L,Limite de qualité réglementaire valable pour chaque substance active pesticide et métabolite pertinent,,,9,µg/L,Vmax établie par l'Anses en 2007,,,,Fenpropimorphe,,
FENTH,1190,FENTHION,Fenthion,55-38-9,pesticide,sub_active,,0.1,µg/L,Limite de qualité réglementaire valable pour chaque substance active pesticide et métabolite pertinent,,,0.142,µg/L,Valeur recommandée par le HCSP en l'absence de Vmax ou VST,,,,Fenthion,,
FOLPEL,1192,FOLPEL,Folpel,0133-07-03,pesticide,sub_active,,0.1,µg/L,Limite de qualité réglementaire valable pour chaque substance active pesticide et métabolite pertinent,,,300,µg/L,Vmax établie par l'Anses en 2007,,,,Folpel,,
TAUFLU,1193,FLUVALINATE-TAU,Fluvalinate-tau,102851-06-9,pesticide,sub_active,,0.1,µg/L,Limite de qualité réglementaire valable pour chaque substance active pesticide et métabolite pertinent,,,0.142,µg/L,Valeur recommandée par le HCSP en l'absence de Vmax ou VST,,,,Fluvalinate-tau,,
FSLZ,1194,FLUSILAZOL,Flusilazol,85509-19-9,pesticide,sub_active,,0.1,µg/L,Limite de qualité réglementaire valable pour chaque substance active pesticide et métabolite pertinent,,,3,µg/L,Vmax établie par l'Anses en 2008,,,,Flusilazol,,
HEP,1197,HEPTACHLORE,Heptachlore,76-44-8,pesticide,sub_active,,0.03,µg/L,Limite de qualité réglementaire pour la substance active heptachlore,,,0.03,µg/L,Vmax établie par l'Anses en 2008,,,,Heptachlore,,
HEPE,1198,HEPTACHLORE ÉPOXYDE,Heptachlore époxyde,,pesticide,metabolite,pertinent_par_defaut,0.1,µg/L,Limite de qualité réglementaire valable pour chaque substance active pesticide et métabolite pertinent,,,0.142,µg/L,Valeur recommandée par le HCSP en l'absence de Vmax ou VST,,,,Heptachlore époxyde,,
HCHA,1200,HCH ALPHA,HCH alpha,319-84-6,pesticide,sub_active,,0.1,µg/L,Limite de qualité réglementaire valable pour chaque substance active pesticide et métabolite pertinent,,,0.142,µg/L,Valeur recommandée par le HCSP en l'absence de Vmax ou VST,,,,HCH alpha,,
HCHB,1201,HCH BÉTA,HCH béta,319-85-7,pesticide,sub_active,,0.1,µg/L,Limite de qualité réglementaire valable pour chaque substance active pesticide et métabolite pertinent,,,0.017,µg/L,"Vmax établie par l'Anses en 2008 0,017 (associée à ERI = 10-6) ",,,,HCH béta,Interdit,
HCHD,1202,HCH DELTA,HCH delta,319-86-8,pesticide,sub_active,,0.1,µg/L,Limite de qualité réglementaire valable pour chaque substance active pesticide et métabolite pertinent,,,0.142,µg/L,Valeur recommandée par le HCSP en l'absence de Vmax ou VST,,,,HCH delta,,
HCHG,1203,HCH GAMMA (LINDANE),HCH gamma (lindane),58-89-9,pesticide,sub_active,,0.1,µg/L,Limite de qualité réglementaire valable pour chaque substance active pesticide et métabolite pertinent,,,2,µg/L,Vmax établie par l'Anses en 2007,,,,HCH gamma (lindane),Interdit,
IOXY,1205,IOXYNIL,Ioxynil,1689-83-4,pesticide,sub_active,,0.1,µg/L,Limite de qualité réglementaire valable pour chaque substance active pesticide et métabolite pertinent,,,15,µg/L,Vmax établie par l'Anses en 2007,,,,Ioxynil,,
IPD,1206,IPRODIONE,Iprodione,36734-19-7,pesticide,sub_active,,0.1,µg/L,Limite de qualité réglementaire valable pour chaque substance active pesticide et métabolite pertinent,,,0.6,µg/L,"Vmax établie par l'Anses en 2020 0,6 (associée à ERI = 10-6)",,,,Iprodione,,
IALDR,1207,ISODRINE,Isodrine,465-73-6,pesticide,sub_active,,0.1,µg/L,Limite de qualité réglementaire valable pour chaque substance active pesticide et métabolite pertinent,,,0.142,µg/L,Valeur recommandée par le HCSP en l'absence de Vmax ou VST,,,,Isodrine,,
ISP,1208,ISOPROTURON,Isoproturon,34123-59-6,pesticide,sub_active,,0.1,µg/L,Limite de qualité réglementaire valable pour chaque substance active pesticide et métabolite pertinent,,,9,µg/L,Vmax établie par l'Anses en 2007,,,,Isoproturon,,
LNR,1209,LINURON,Linuron,330-55-2,pesticide,sub_active,,0.1,µg/L,Limite de qualité réglementaire valable pour chaque substance active pesticide et métabolite pertinent,,,9,µg/L,Vmax établie par l'Anses en 2007,,,,Linuron,,
MALTH,1210,MALATHION,Malathion,121-75-5,pesticide,sub_active,,0.1,µg/L,Limite de qualité réglementaire valable pour chaque substance active pesticide et métabolite pertinent,,,90,µg/L,Vmax établie par l'Anses en 2008,,,,Malathion,,
MANC,1211,MANCOZÈBE,Mancozèbe,07/01/8018,pesticide,sub_active,,0.1,µg/L,Limite de qualité réglementaire valable pour chaque substance active pesticide et métabolite pertinent,,,111,µg/L,Vmax établie par l'Anses en 2019,,,,Mancozèbe,,
MCPA,1212,"2,4-MCPA","2,4-MCPA",94-74-6,pesticide,sub_active,,0.1,µg/L,Limite de qualité réglementaire valable pour chaque substance active pesticide et métabolite pertinent,,,2,µg/L,Vmax établie par l'Anses en 2007,,,,"2,4-MCPA",Autorisé,
MCPB,1213,"2,4-MCPB","2,4-MCPB",94-81-5,pesticide,sub_active,,0.1,µg/L,Limite de qualité réglementaire valable pour chaque substance active pesticide et métabolite pertinent,,,0.142,µg/L,Valeur recommandée par le HCSP en l'absence de Vmax ou VST,,,,"2,4-MCPB",,
FNP,1214,MÉCOPROP,Mécoprop,93-65-2,pesticide,sub_active,,0.1,µg/L,Limite de qualité réglementaire valable pour chaque substance active pesticide et métabolite pertinent,,,10,µg/L,Vmax établie par l'Anses en 2007,,,,Mécoprop,,
MTMI,1215,MÉTAMITRONE,Métamitrone,41394-05-02,pesticide,sub_active,,0.1,µg/L,Limite de qualité réglementaire valable pour chaque substance active pesticide et métabolite pertinent,,,67,µg/L,Vmax établie par l'Anses en 2020,,,,Métamitrone,Autorisé,
MTBZTZ,1216,MÉTABENZTHIAZURON,Métabenzthiazuron,18691-97-9,pesticide,sub_active,,0.1,µg/L,Limite de qualité réglementaire valable pour chaque substance active pesticide et métabolite pertinent,,,0.142,µg/L,Valeur recommandée par le HCSP en l'absence de Vmax ou VST. L'Anses n'a pas pu établir de valeur sanitaire en 2013,,,,Métabenzthiazuron,,
MTHION,1217,MÉTHIDATHION,Méthidathion,950-37-8,pesticide,sub_active,,0.1,µg/L,Limite de qualité réglementaire valable pour chaque substance active pesticide et métabolite pertinent,,,3,µg/L,Vmax établie par l'Anses en 2013,,,,Méthidathion,,
MTMY,1218,MÉTHOMYL,Méthomyl,16752-77-5,pesticide,sub_active,,0.1,µg/L,Limite de qualité réglementaire valable pour chaque substance active pesticide et métabolite pertinent,,,0.142,µg/L,Valeur recommandée par le HCSP en l'absence de Vmax ou VST,,,,Méthomyl,,
MTC,1221,MÉTOLACHLORE,Métolachlore,51218-45-2,pesticide,sub_active,,0.1,µg/L,Limite de qualité réglementaire valable pour chaque substance active pesticide et métabolite pertinent,,,10,µg/L,Vmax établie par l'Anses en 2007,,,,Métolachlore,Interdit,
MTZ,1222,MÉTOXURON,Métoxuron,19937-59-8,pesticide,sub_active,,0.1,µg/L,Limite de qualité réglementaire valable pour chaque substance active pesticide et métabolite pertinent,,,0.142,µg/L,Valeur recommandée par le HCSP en l'absence de Vmax ou VST,,,,Métoxuron,Interdit,
MTBZ,1225,MÉTRIBUZINE,Métribuzine,21087-64-9,pesticide,sub_active,,0.1,µg/L,Limite de qualité réglementaire valable pour chaque substance active pesticide et métabolite pertinent,,,40,µg/L,Vmax établie par l'Anses en 2013,,,,Métribuzine,Interdit,
MVPH,1226,MÉVINPHOS,Mévinphos,7786-34-7,pesticide,sub_active,,0.1,µg/L,Limite de qualité réglementaire valable pour chaque substance active pesticide et métabolite pertinent,,,0.142,µg/L,Valeur recommandée par le HCSP en l'absence de Vmax ou VST,,,,Mévinphos,,
MLNR,1227,MONOLINURON,Monolinuron,1746-81-2,pesticide,sub_active,,0.1,µg/L,Limite de qualité réglementaire valable pour chaque substance active pesticide et métabolite pertinent,,,9,µg/L,Vmax établie par l'Anses en 2013,,,,Monolinuron,,
MNR,1228,MONURON,Monuron,150-68-5,pesticide,sub_active,,0.1,µg/L,Limite de qualité réglementaire valable pour chaque substance active pesticide et métabolite pertinent,,,0.142,µg/L,Valeur recommandée par le HCSP en l'absence de Vmax ou VST,,,,Monuron,,
NITROF,1229,NITROFÈNE,Nitrofène,1836-75-5,pesticide,sub_active,,0.1,µg/L,Limite de qualité réglementaire valable pour chaque substance active pesticide et métabolite pertinent,,,0.142,µg/L,Valeur recommandée par le HCSP en l'absence de Vmax ou VST,,,,Nitrofène,,
OOA,1230,OMÉTHOATE,Ométhoate,1113-02-06,pesticide,sub_active,,0.1,µg/L,Limite de qualité réglementaire valable pour chaque substance active pesticide et métabolite pertinent,,,0.142,µg/L,Valeur recommandée par le HCSP en l'absence de Vmax ou VST,,,,Ométhoate,,
OXDM,1231,OXYDÉMÉTON MÉTHYL,Oxydéméton méthyl,0301-12-2,pesticide,sub_active,,0.1,µg/L,Limite de qualité réglementaire valable pour chaque substance active pesticide et métabolite pertinent,,,1,µg/L,Vmax établie par l'Anses en 2008,,,,Oxydéméton méthyl,,
PARTH,1232,PARATHION ÉTHYL,Parathion éthyl,56-38-2,pesticide,sub_active,,0.1,µg/L,Limite de qualité réglementaire valable pour chaque substance active pesticide et métabolite pertinent,,,0.142,µg/L,Valeur recommandée par le HCSP en l'absence de Vmax ou VST,,,,Parathion éthyl,,
PARTHM,1233,PARATHION MÉTHYL,Parathion méthyl,298-00-0,pesticide,sub_active,,0.1,µg/L,Limite de qualité réglementaire valable pour chaque substance active pesticide et métabolite pertinent,,,9,µg/L,Vmax établie par l'Anses en 2007,,,,Parathion méthyl,,
PDM,1234,PENDIMÉTHALINE,Pendiméthaline,40487-42-1,pesticide,sub_active,,0.1,µg/L,Limite de qualité réglementaire valable pour chaque substance active pesticide et métabolite pertinent,,,277,µg/L,Vmax établie par l'Anses en 2020,,,,Pendiméthaline,Autorisé,
PHENM,1236,PHENMÉDIPHAME,Phenmédiphame,13684-63-4,pesticide,sub_active,,0.1,µg/L,Limite de qualité réglementaire valable pour chaque substance active pesticide et métabolite pertinent,,,0.142,µg/L,Valeur recommandée par le HCSP en l'absence de Vmax ou VST,,,,Phenmédiphame,,
PHOSL,1237,PHOSALONE,Phosalone,2310-17-0,pesticide,sub_active,,0.1,µg/L,Limite de qualité réglementaire valable pour chaque substance active pesticide et métabolite pertinent,,,0.142,µg/L,Valeur recommandée par le HCSP en l'absence de Vmax ou VST,,,,Phosalone,,
PPMD,1238,PHOSPHAMIDON,Phosphamidon,13171-21-6,pesticide,sub_active,,0.1,µg/L,Limite de qualité réglementaire valable pour chaque substance active pesticide et métabolite pertinent,,,0.142,µg/L,Valeur recommandée par le HCSP en l'absence de Vmax ou VST,,,,Phosphamidon,,
PCLR,1253,PROCHLORAZE,Prochloraze,67747-09-05,pesticide,sub_active,,0.1,µg/L,Limite de qualité réglementaire valable pour chaque substance active pesticide et métabolite pertinent,,,22,µg/L,Vmax établie par l'Anses en 2020,,,,Prochloraze,,
PROM,1254,PROMÉTHRINE,Prométhrine,7287-19-6,pesticide,sub_active,,0.1,µg/L,Limite de qualité réglementaire valable pour chaque substance active pesticide et métabolite pertinent,,,12,µg/L,Vmax établie par l'Anses en 2007,,,,Prométhrine,,
PPIT,1255,PROPARGITE,Propargite,2312-35-8,pesticide,sub_active,,0.1,µg/L,Limite de qualité réglementaire valable pour chaque substance active pesticide et métabolite pertinent,,,0.142,µg/L,Valeur recommandée par le HCSP en l'absence de Vmax ou VST,,,,Propargite,,
PROP,1256,PROPAZINE,Propazine,139-40-2,pesticide,sub_active,,0.1,µg/L,Limite de qualité réglementaire valable pour chaque substance active pesticide et métabolite pertinent,,,60,µg/L,Vmax établie par l'Anses en 2007,,,,Propazine,,
PPCNZ,1257,PROPICONAZOLE,Propiconazole,60207-90-1,pesticide,sub_active,,0.1,µg/L,Limite de qualité réglementaire valable pour chaque substance active pesticide et métabolite pertinent,,,120,µg/L,Vmax établie par l'Anses en 2016,,,,Propiconazole,Interdit,
PZP,1258,PYRAZOPHOS,Pyrazophos,13457-18-6,pesticide,sub_active,,0.1,µg/L,Limite de qualité réglementaire valable pour chaque substance active pesticide et métabolite pertinent,,,0.142,µg/L,Valeur recommandée par le HCSP en l'absence de Vmax ou VST,,,,Pyrazophos,,
PYRD,1259,PYRIDATE,Pyridate,55512-33-9,pesticide,sub_active,,0.1,µg/L,Limite de qualité réglementaire valable pour chaque substance active pesticide et métabolite pertinent,,,108,µg/L,Vmax établie par l'Anses en 2008,,,,Pyridate,,
PMPT,1260,PYRIMIPHOS ÉTHYL,Pyrimiphos éthyl,23505-41-1,pesticide,sub_active,,0.1,µg/L,Limite de qualité réglementaire valable pour chaque substance active pesticide et métabolite pertinent,,,0.142,µg/L,Valeur recommandée par le HCSP en l'absence de Vmax ou VST,,,,Pyrimiphos éthyl,,
PYRMM,1261,PYRIMIPHOS MÉTHYL,Pyrimiphos méthyl,29232-93-7,pesticide,sub_active,,0.1,µg/L,Limite de qualité réglementaire valable pour chaque substance active pesticide et métabolite pertinent,,,0.142,µg/L,Valeur recommandée par le HCSP en l'absence de Vmax ou VST,,,,Pyrimiphos méthyl,,
SECB,1262,SECBUMÉTON,Secbuméton,26259-45-0,pesticide,sub_active,,0.1,µg/L,Limite de qualité réglementaire valable pour chaque substance active pesticide et métabolite pertinent,,,0.142,µg/L,Valeur recommandée par le HCSP en l'absence de Vmax ou VST. L'Anses n'a pas pu établir de valeur sanitaire en 2007,,,,Secbuméton,Interdit,
SMZ,1263,SIMAZINE,Simazine,122-34-9,pesticide,sub_active,,0.1,µg/L,Limite de qualité réglementaire valable pour chaque substance active pesticide et métabolite pertinent,,,2,µg/L,Vmax établie par l'Anses en 2007,,,,Simazine,Interdit,
245T,1264,"2,4,5-T","2,4,5-T",93-76-5,pesticide,sub_active,,0.1,µg/L,Limite de qualité réglementaire valable pour chaque substance active pesticide et métabolite pertinent,,,0.142,µg/L,Valeur recommandée par le HCSP en l'absence de Vmax ou VST,,,,"2,4,5-T",,
TERBM,1266,TERBUMÉTON,Terbuméton,33693-04-08,pesticide,sub_active,,0.1,µg/L,Limite de qualité réglementaire valable pour chaque substance active pesticide et métabolite pertinent,,,225,µg/L,Vmax établie par l'Anses en 2008,,,,Terbuméton,,
TERB,1267,TERBUPHOS,Terbuphos,13071-79-9,pesticide,sub_active,,0.1,µg/L,Limite de qualité réglementaire valable pour chaque substance active pesticide et métabolite pertinent,,,0.142,µg/L,Valeur recommandée par le HCSP en l'absence de Vmax ou VST,,,,Terbuphos,,
TBZ,1268,TERBUTHYLAZIN,Terbuthylazin,5915-41-3,pesticide,sub_active,,0.1,µg/L,Limite de qualité réglementaire valable pour chaque substance active pesticide et métabolite pertinent,,,4.9,µg/L,Vmax établie par l'Anses en 2020,,,,Terbuthylazin,,
TERBU,1269,TERBUTRYNE,Terbutryne,886-50-0,pesticide,sub_active,,0.1,µg/L,Limite de qualité réglementaire valable pour chaque substance active pesticide et métabolite pertinent,,,3,µg/L,Vmax établie par l'Anses en 2007,,,,Terbutryne,Interdit,
TCVP,1277,TÉTRACHLORVINPHOS,Tétrachlorvinphos,22248-79-9,pesticide,sub_active,,0.1,µg/L,Limite de qualité réglementaire valable pour chaque substance active pesticide et métabolite pertinent,,,0.142,µg/L,Valeur recommandée par le HCSP en l'absence de Vmax ou VST,,,,Tétrachlorvinphos,,
TOXAPHE,1279,TOXAPHÈNE,Toxaphène,8001-35-2,pesticide,sub_active,,0.1,µg/L,Limite de qualité réglementaire valable pour chaque substance active pesticide et métabolite pertinent,,,0.142,µg/L,Valeur recommandée par le HCSP en l'absence de Vmax ou VST,,,,Toxaphène,,
TDMN,1280,TRIADIMENOL,Triadimenol,55219-65-3,pesticide,sub_active,,0.1,µg/L,Limite de qualité réglementaire valable pour chaque substance active pesticide et métabolite pertinent,,,0.142,µg/L,Valeur recommandée par le HCSP en l'absence de Vmax ou VST,,,,Triadimenol,,
TLL,1281,TRIALLATE,Triallate,2303-17-5,pesticide,sub_active,,0.1,µg/L,Limite de qualité réglementaire valable pour chaque substance active pesticide et métabolite pertinent,,,0.142,µg/L,Valeur recommandée par le HCSP en l'absence de Vmax ou VST,,,,Triallate,,
TCF,1287,TRICHLORFON,Trichlorfon,52-68-6,pesticide,sub_active,,0.1,µg/L,Limite de qualité réglementaire valable pour chaque substance active pesticide et métabolite pertinent,,,0.142,µg/L,Valeur recommandée par le HCSP en l'absence de Vmax ou VST,,,,Trichlorfon,,
TCPY,1288,TRICLOPYR,Triclopyr,55335-06-03,pesticide,sub_active,,0.1,µg/L,Limite de qualité réglementaire valable pour chaque substance active pesticide et métabolite pertinent,,,90,µg/L,Vmax établie par l'Anses en 2017,,,,Triclopyr,,
TRIF,1289,TRIFLURALINE,Trifluraline,1582-09-08,pesticide,sub_active,,0.1,µg/L,Limite de qualité réglementaire valable pour chaque substance active pesticide et métabolite pertinent,,,22,µg/L,Vmax établie par l'Anses en 2017,,,,Trifluraline,,
VMDT,1290,VAMIDOTHION,Vamidothion,2275-23-2,pesticide,sub_active,,0.1,µg/L,Limite de qualité réglementaire valable pour chaque substance active pesticide et métabolite pertinent,,,0.142,µg/L,Valeur recommandée par le HCSP en l'absence de Vmax ou VST,,,,Vamidothion,,
VCLZ,1291,VINCHLOZOLINE,Vinchlozoline,50471-44-8,pesticide,sub_active,,0.1,µg/L,Limite de qualité réglementaire valable pour chaque substance active pesticide et métabolite pertinent,,,30,µg/L,Vmax établie par l'Anses en 2008,,,,Vinchlozoline,,
AMITZ,1308,AMITRAZE,Amitraze,33089-61-1,pesticide,sub_active,,0.1,µg/L,Limite de qualité réglementaire valable pour chaque substance active pesticide et métabolite pertinent,,,0.142,µg/L,Valeur recommandée par le HCSP en l'absence de Vmax ou VST,,,,Amitraze,,
ACNT,1310,ACRINATHRINE,Acrinathrine,101007-06-1,pesticide,sub_active,,0.1,µg/L,Limite de qualité réglementaire valable pour chaque substance active pesticide et métabolite pertinent,,,0.142,µg/L,Valeur recommandée par le HCSP en l'absence de Vmax ou VST,,,,Acrinathrine,,
BEND,1329,BENDIOCARBE,Bendiocarbe,22781-23-3,pesticide,sub_active,,0.1,µg/L,Limite de qualité réglementaire valable pour chaque substance active pesticide et métabolite pertinent,,,0.142,µg/L,Valeur recommandée par le HCSP en l'absence de Vmax ou VST,,,,Bendiocarbe,,
CBTM,1333,CARBÉTAMIDE,Carbétamide,16118-49-3,pesticide,sub_active,,0.1,µg/L,Limite de qualité réglementaire valable pour chaque substance active pesticide et métabolite pertinent,,,180,µg/L,Vmax établie par l'Anses en 2013,,,,Carbétamide,,
CHLORB,1336,CHLORBUFAME,Chlorbufame,1967-16-4,pesticide,sub_active,,0.1,µg/L,Limite de qualité réglementaire valable pour chaque substance active pesticide et métabolite pertinent,,,0.142,µg/L,Valeur recommandée par le HCSP en l'absence de Vmax ou VST,,,,Chlorbufame,,
CLRNB,1341,CHLORONEB,Chloroneb,2675-77-6,pesticide,sub_active,,0.1,µg/L,Limite de qualité réglementaire valable pour chaque substance active pesticide et métabolite pertinent,,,0.142,µg/L,Valeur recommandée par le HCSP en l'absence de Vmax ou VST,,,,Chloroneb,,
CNEB,1341,CHLORONEB,Chloroneb,2675-77-6,pesticide,sub_active,,0.1,µg/L,Limite de qualité réglementaire valable pour chaque substance active pesticide et métabolite pertinent,,,0.142,µg/L,Valeur recommandée par le HCSP en l'absence de Vmax ou VST,,,,Chloroneb,,
CSFU,1353,CHLORSULFURON,Chlorsulfuron,64902-72-3,pesticide,sub_active,,0.1,µg/L,Limite de qualité réglementaire valable pour chaque substance active pesticide et métabolite pertinent,,,0.142,µg/L,Valeur recommandée par le HCSP en l'absence de Vmax ou VST,,,,Chlorsulfuron,,
PMPA,1359,CYPRODINIL,Cyprodinil,121552-61-2,pesticide,sub_active,,0.1,µg/L,Limite de qualité réglementaire valable pour chaque substance active pesticide et métabolite pertinent,,,90,µg/L,Vmax établie par l'Anses en 2008,,,,Cyprodinil,,
DCLFNFD,1360,DICHLOFLUANIDE,Dichlofluanide,1085-98-9,pesticide,sub_active,,0.1,µg/L,Limite de qualité réglementaire valable pour chaque substance active pesticide et métabolite pertinent,,,0.142,µg/L,Valeur recommandée par le HCSP en l'absence de Vmax ou VST,,,,Dichlofluanide,,
DTFC,1402,DIETHOFENCARBE,Diethofencarbe,87130-20-9,pesticide,sub_active,,0.1,µg/L,Limite de qualité réglementaire valable pour chaque substance active pesticide et métabolite pertinent,,,950,µg/L,Vmax établie par l'Anses en 2020,,,,Diethofencarbe,,
DMTM,1403,DIMÉTHOMORPHE,Diméthomorphe,110488-70-5,pesticide,sub_active,,0.1,µg/L,Limite de qualité réglementaire valable pour chaque substance active pesticide et métabolite pertinent,,,150,µg/L,Vmax établie par l'Anses en 2013,,,,Diméthomorphe,Interdit,
FLUAZPB,1404,FLUAZIFOP-P-BUTYL,Fluazifop-P-butyl,79241-46-6,pesticide,sub_active,,0.1,µg/L,Limite de qualité réglementaire valable pour chaque substance active pesticide et métabolite pertinent,,,0.142,µg/L,Valeur recommandée par le HCSP en l'absence de Vmax ou VST,,,,Fluazifop-P-butyl,,
HXCZ,1405,HEXACONAZOLE,Hexaconazole,79983-71-4,pesticide,sub_active,,0.1,µg/L,Limite de qualité réglementaire valable pour chaque substance active pesticide et métabolite pertinent,,,15,µg/L,Vmax établie par l'Anses en 2013,,,,Hexaconazole,,
LNCE,1406,LENACILE,Lenacile,2164-08-1,pesticide,sub_active,,0.1,µg/L,Limite de qualité réglementaire valable pour chaque substance active pesticide et métabolite pertinent,,,26,µg/L,Vmax établie par l'Anses en 2020,,,,Lenacile,Autorisé,
BENO,1407,BENOMYL,Benomyl,17804-35-2,pesticide,sub_active,,0.1,µg/L,Limite de qualité réglementaire valable pour chaque substance active pesticide et métabolite pertinent,,,0.142,µg/L,Valeur recommandée par le HCSP en l'absence de Vmax ou VST,,,,Benomyl,,
PRPZ,1414,PROPYZAMIDE,Propyzamide,23950-58-5,pesticide,sub_active,,0.1,µg/L,Limite de qualité réglementaire valable pour chaque substance active pesticide et métabolite pertinent,,,110,µg/L,Vmax établie par l'Anses en 2020,,,,Propyzamide,Autorisé,
PRMTN,1432,PYRIMÉTHANIL,Pyriméthanil,53112-28-0,pesticide,sub_active,,0.1,µg/L,Limite de qualité réglementaire valable pour chaque substance active pesticide et métabolite pertinent,,,0.142,µg/L,Valeur recommandée par le HCSP en l'absence de Vmax ou VST,,,,Pyriméthanil,,
CBRYL,1463,CARBARYL,Carbaryl,63-25-2,pesticide,sub_active,,0.1,µg/L,Limite de qualité réglementaire valable pour chaque substance active pesticide et métabolite pertinent,,,0.142,µg/L,Valeur recommandée par le HCSP en l'absence de Vmax ou VST,,,,Carbaryl,,
CFVP,1464,CHLORFENVINPHOS,Chlorfenvinphos,470-90-6,pesticide,sub_active,,0.1,µg/L,Limite de qualité réglementaire valable pour chaque substance active pesticide et métabolite pertinent,,,1.5,µg/L,Vmax établie par l'Anses en 2008,,,,Chlorfenvinphos,,
2CP,1471,CHLOROPHÉNOL-2,Chlorophénol-2,95-57-8,pesticide,metabolite,pertinent_par_defaut,0.1,µg/L,Limite de qualité réglementaire valable pour chaque substance active pesticide et métabolite pertinent,,,0.142,µg/L,Valeur recommandée par le HCSP en l'absence de Vmax ou VST,,,,Chlorophénol-2,,
CLTHAL,1473,CHLOROTHALONIL,Chlorothalonil,1897-45-6,pesticide,sub_active,,0.1,µg/L,Limite de qualité réglementaire valable pour chaque substance active pesticide et métabolite pertinent,,,45,µg/L,Vmax établie par l'Anses en 2013,,,,Chlorothalonil,,
CPPH,1474,CHLORPROPHAME,Chlorprophame,101-21-3,pesticide,sub_active,,0.1,µg/L,Limite de qualité réglementaire valable pour chaque substance active pesticide et métabolite pertinent,,,0.142,µg/L,Valeur recommandée par le HCSP en l'absence de Vmax ou VST,,,,Chlorprophame,,
DBCP,1479,"DIBROMO-1,2-CHLORO-3PROPANE","Dibromo-1,2-chloro-3propane",96-12-8,pesticide,sub_active,,0.1,µg/L,Limite de qualité réglementaire valable pour chaque substance active pesticide et métabolite pertinent,,,0.142,µg/L,Valeur recommandée par le HCSP en l'absence de Vmax ou VST,,,,"Dibromo-1,2-chloro-3propane",,
DCAMB,1480,DICAMBA,Dicamba,1918-00-9,pesticide,sub_active,,0.1,µg/L,Limite de qualité réglementaire valable pour chaque substance active pesticide et métabolite pertinent,,,28,µg/L,Vmax établie par l'Anses en 2020,,,,Dicamba,Autorisé,
24DCP,1486,"DICHLOROPHÉNOL-2,4","Dichlorophénol-2,4",120-83-2,pesticide,metabolite,pertinent_par_defaut,0.1,µg/L,Limite de qualité réglementaire valable pour chaque substance active pesticide et métabolite pertinent,,,0.142,µg/L,Valeur recommandée par le HCSP en l'absence de Vmax ou VST,,,,"Dichlorophénol-2,4",,
DFB,1488,DIFLUBENZURON,Diflubenzuron,35367-38-5,pesticide,sub_active,,0.1,µg/L,Limite de qualité réglementaire valable pour chaque substance active pesticide et métabolite pertinent,,,0.142,µg/L,Valeur recommandée par le HCSP en l'absence de Vmax ou VST,,,,Diflubenzuron,,
DNOC,1490,DINITROCRÉSOL,Dinitrocrésol,534-52-1,pesticide,sub_active,,0.1,µg/L,Limite de qualité réglementaire valable pour chaque substance active pesticide et métabolite pertinent,,,0.142,µg/L,Valeur recommandée par le HCSP en l'absence de Vmax ou VST,,,,Dinitrocrésol,,
DSEB,1491,DINOSEB,Dinoseb,88-85-7,pesticide,sub_active,,0.1,µg/L,Limite de qualité réglementaire valable pour chaque substance active pesticide et métabolite pertinent,,,3,µg/L,Vmax établie par l'Anses en 2007,,,,Dinoseb,,
DSYST,1492,DISYSTON,Disyston,0298-04-04,pesticide,sub_active,,0.1,µg/L,Limite de qualité réglementaire valable pour chaque substance active pesticide et métabolite pertinent,,,0.142,µg/L,Valeur recommandée par le HCSP en l'absence de Vmax ou VST,,,,Disyston,,
EPROP,1495,ETHOPROPHOS,Ethoprophos,13194-48-4,pesticide,sub_active,,0.1,µg/L,Limite de qualité réglementaire valable pour chaque substance active pesticide et métabolite pertinent,,,0.142,µg/L,Valeur recommandée par le HCSP en l'absence de Vmax ou VST,,,,Ethoprophos,,
FNFS,1499,PHÉNAMIPHOS,Phénamiphos,22224-92-6,pesticide,sub_active,,0.1,µg/L,Limite de qualité réglementaire valable pour chaque substance active pesticide et métabolite pertinent,,,0.142,µg/L,Valeur recommandée par le HCSP en l'absence de Vmax ou VST,,,,Phénamiphos,,
FNUR,1500,FÉNURON,Fénuron,101-42-8,pesticide,sub_active,,0.1,µg/L,Limite de qualité réglementaire valable pour chaque substance active pesticide et métabolite pertinent,,,0.142,µg/L,Valeur recommandée par le HCSP en l'absence de Vmax ou VST. L'Anses n'a pas pu établir de valeur sanitaire en 2021,,,,Fénuron,Interdit,
FMTH,1501,FLUOMÉTURON,Fluométuron,2164-17-2,pesticide,sub_active,,0.1,µg/L,Limite de qualité réglementaire valable pour chaque substance active pesticide et métabolite pertinent,,,0.142,µg/L,Valeur recommandée par le HCSP en l'absence de Vmax ou VST,,,,Fluométuron,,
BRMTH,1502,BIORESMETHRINE,Bioresmethrine,28434-01-07,pesticide,sub_active,,0.1,µg/L,Limite de qualité réglementaire valable pour chaque substance active pesticide et métabolite pertinent,,,0.142,µg/L,Valeur recommandée par le HCSP en l'absence de Vmax ou VST,,,,Bioresmethrine,,
FTFL,1503,FLUTRIAFOL,Flutriafol,76674-21-0,pesticide,sub_active,,0.1,µg/L,Limite de qualité réglementaire valable pour chaque substance active pesticide et métabolite pertinent,,,0.142,µg/L,Valeur recommandée par le HCSP en l'absence de Vmax ou VST,,,,Flutriafol,,
FMTHN,1504,FORMOTHION,Formothion,2540-82-1,pesticide,sub_active,,0.1,µg/L,Limite de qualité réglementaire valable pour chaque substance active pesticide et métabolite pertinent,,,0.142,µg/L,Valeur recommandée par le HCSP en l'absence de Vmax ou VST,,,,Formothion,,
GPST,1506,GLYPHOSATE,Glyphosate,1071-83-6,pesticide,sub_active,,0.1,µg/L,Limite de qualité réglementaire valable pour chaque substance active pesticide et métabolite pertinent,,,1100,µg/L,Vmax établie par l'Anses en 2025,,,,Glyphosate,Autorisé,
MTHC,1510,MÉTHIOCARB,Méthiocarb,2032-65-7,pesticide,sub_active,,0.1,µg/L,Limite de qualité réglementaire valable pour chaque substance active pesticide et métabolite pertinent,,,0.142,µg/L,Valeur recommandée par le HCSP en l'absence de Vmax ou VST,,,,Méthiocarb,,
MTX,1511,MÉTHOXYCHLORE,Méthoxychlore,72-43-5,pesticide,sub_active,,0.1,µg/L,Limite de qualité réglementaire valable pour chaque substance active pesticide et métabolite pertinent,,,0.142,µg/L,Valeur recommandée par le HCSP en l'absence de Vmax ou VST,,,,Méthoxychlore,,
MTBR,1515,MÉTOBROMURON,Métobromuron,3060-89-7,pesticide,sub_active,,0.1,µg/L,Limite de qualité réglementaire valable pour chaque substance active pesticide et métabolite pertinent,,,24,µg/L,Vmax établie par l'Anses en 2017,,,,Métobromuron,Autorisé,
NALED,1516,NALED,Naled,300-76-5,pesticide,sub_active,,0.1,µg/L,Limite de qualité réglementaire valable pour chaque substance active pesticide et métabolite pertinent,,,0.142,µg/L,Valeur recommandée par le HCSP en l'absence de Vmax ou VST,,,,Naled,,
NAPR,1519,NAPROPAMIDE,Napropamide,15299-99-7,pesticide,sub_active,,0.1,µg/L,Limite de qualité réglementaire valable pour chaque substance active pesticide et métabolite pertinent,,,266,µg/L,Vmax établie par l'Anses en 2020,,,,Napropamide,,
NBR,1520,NÉBURON,Néburon,555-37-3,pesticide,sub_active,,0.1,µg/L,Limite de qualité réglementaire valable pour chaque substance active pesticide et métabolite pertinent,,,0.142,µg/L,Valeur recommandée par le HCSP en l'absence de Vmax ou VST. L'Anses n'a pas pu établir de valeur sanitaire en 2008,,,,Néburon,,
PRQT,1522,PARAQUAT,Paraquat,4685-14-7,pesticide,sub_active,,0.1,µg/L,Limite de qualité réglementaire valable pour chaque substance active pesticide et métabolite pertinent,,,15,µg/L,Vmax établie par l'Anses en 2008,,,,Paraquat,,
PRT,1523,PERMÉTHRINE,Perméthrine,52645-53-1,pesticide,sub_active,,0.1,µg/L,Limite de qualité réglementaire valable pour chaque substance active pesticide et métabolite pertinent,,,0.142,µg/L,Valeur recommandée par le HCSP en l'absence de Vmax ou VST,,,,Perméthrine,,
PHRT,1525,PHORATE,Phorate,0298-02-02,pesticide,sub_active,,0.1,µg/L,Limite de qualité réglementaire valable pour chaque substance active pesticide et métabolite pertinent,,,0.142,µg/L,Valeur recommandée par le HCSP en l'absence de Vmax ou VST,,,,Phorate,,
GFST,1526,GLUFOSINATE,Glufosinate,51276-47-2,pesticide,sub_active,,0.1,µg/L,Limite de qualité réglementaire valable pour chaque substance active pesticide et métabolite pertinent,,,11,µg/L,Vmax établie par l'Anses en 2020,,,,Glufosinate,Interdit,
PMC,1528,PYRIMICARBE,Pyrimicarbe,23103-98-2,pesticide,sub_active,,0.1,µg/L,Limite de qualité réglementaire valable pour chaque substance active pesticide et métabolite pertinent,,,0.142,µg/L,Valeur recommandée par le HCSP en l'absence de Vmax ou VST,,,,Pyrimicarbe,,
BTTNL,1529,BITERTANOL,Bitertanol,55179-31-2,pesticide,sub_active,,0.1,µg/L,Limite de qualité réglementaire valable pour chaque substance active pesticide et métabolite pertinent,,,0.142,µg/L,Valeur recommandée par le HCSP en l'absence de Vmax ou VST,,,,Bitertanol,,
BRM,1530,BROMOMÉTHANE,Bromométhane,74-83-9,pesticide,sub_active,,0.1,µg/L,Limite de qualité réglementaire valable pour chaque substance active pesticide et métabolite pertinent,,,0.142,µg/L,Valeur recommandée par le HCSP en l'absence de Vmax ou VST,,,,Bromométhane,,
BTRON,1531,BUTURON,Buturon,3766-60-7,pesticide,sub_active,,0.1,µg/L,Limite de qualité réglementaire valable pour chaque substance active pesticide et métabolite pertinent,,,0.142,µg/L,Valeur recommandée par le HCSP en l'absence de Vmax ou VST,,,,Buturon,,
34DCPA,1532,PROPANIL,Propanil,709-98-8,pesticide,sub_active,,0.1,µg/L,Limite de qualité réglementaire valable pour chaque substance active pesticide et métabolite pertinent,,,0.142,µg/L,Valeur recommandée par le HCSP en l'absence de Vmax ou VST,,,,Propanil,,
PPTP,1533,PROPÉTAMPHOS,Propétamphos,31218-83-4,pesticide,sub_active,,0.1,µg/L,Limite de qualité réglementaire valable pour chaque substance active pesticide et métabolite pertinent,,,0.142,µg/L,Valeur recommandée par le HCSP en l'absence de Vmax ou VST,,,,Propétamphos,,
PPHM,1534,PROPHAME,Prophame,122-42-9,pesticide,sub_active,,0.1,µg/L,Limite de qualité réglementaire valable pour chaque substance active pesticide et métabolite pertinent,,,0.142,µg/L,Valeur recommandée par le HCSP en l'absence de Vmax ou VST,,,,Prophame,,
PPX,1535,PROPOXUR,Propoxur,114-26-1,pesticide,sub_active,,0.1,µg/L,Limite de qualité réglementaire valable pour chaque substance active pesticide et métabolite pertinent,,,60,µg/L,Vmax établie par l'Anses en 2008,,,,Propoxur,,
PNCB,1538,QUINTOZÈNE,Quintozène,82-68-8,pesticide,sub_active,,0.1,µg/L,Limite de qualité réglementaire valable pour chaque substance active pesticide et métabolite pertinent,,,0.142,µg/L,Valeur recommandée par le HCSP en l'absence de Vmax ou VST,,,,Quintozène,,
MCPP,1539,FÉNOPROP,Fénoprop,93-72-1,pesticide,sub_active,,0.1,µg/L,Limite de qualité réglementaire valable pour chaque substance active pesticide et métabolite pertinent,,,9,µg/L,Vmax établie par l'Anses en 2007,,,,Fénoprop,,
CHLPM,1540,CHLORPYRIPHOS MÉTHYL,Chlorpyriphos méthyl,5598-13-0,pesticide,sub_active,,0.1,µg/L,Limite de qualité réglementaire valable pour chaque substance active pesticide et métabolite pertinent,,,0.142,µg/L,Valeur recommandée par le HCSP en l'absence de Vmax ou VST,,,,Chlorpyriphos méthyl,,
TBTR,1542,THÉBUTHIURON,Thébuthiuron,34014-18-1,pesticide,sub_active,,0.1,µg/L,Limite de qualité réglementaire valable pour chaque substance active pesticide et métabolite pertinent,,,0.142,µg/L,Valeur recommandée par le HCSP en l'absence de Vmax ou VST,,,,Thébuthiuron,,
TDMF,1544,TRIADIMÉFON,Triadiméfon,43121-43-3,pesticide,sub_active,,0.1,µg/L,Limite de qualité réglementaire valable pour chaque substance active pesticide et métabolite pertinent,,,0.142,µg/L,Valeur recommandée par le HCSP en l'absence de Vmax ou VST,,,,Triadiméfon,,
DMT,1550,DÉMÉTON,Déméton,8065-48-3,pesticide,sub_active,,0.1,µg/L,Limite de qualité réglementaire valable pour chaque substance active pesticide et métabolite pertinent,,,0.142,µg/L,Valeur recommandée par le HCSP en l'absence de Vmax ou VST,,,,Déméton,,
34DCLA,1586,"3,4-DICHLOROANILINE","3,4-dichloroaniline",95-76-1,pesticide,metabolite,pertinent_par_defaut,0.1,µg/L,Limite de qualité réglementaire valable pour chaque substance active pesticide et métabolite pertinent,,,0.142,µg/L,Valeur recommandée par le HCSP en l'absence de Vmax ou VST,,,,"3,4-dichloroaniline",,
4C2MPH,1634,CHLORO-4 MÉTHYLPHÉNOL-2,Chloro-4 Méthylphénol-2,1570-64-5,pesticide,sub_active,,0.1,µg/L,Limite de qualité réglementaire valable pour chaque substance active pesticide et métabolite pertinent,,,0.142,µg/L,Valeur recommandée par le HCSP en l'absence de Vmax ou VST,,,,Chloro-4 Méthylphénol-2,,
4CP,1650,CHLOROPHÉNOL-4,Chlorophénol-4,106-48-9,pesticide,metabolite,pertinent_par_defaut,0.1,µg/L,Limite de qualité réglementaire valable pour chaque substance active pesticide et métabolite pertinent,,,0.142,µg/L,Valeur recommandée par le HCSP en l'absence de Vmax ou VST,,,,Chlorophénol-4,,
13DCP,1654,"DICHLOROPROPANE-1,3","Dichloropropane-1,3",142-28-9,pesticide,sub_active,,0.1,µg/L,Limite de qualité réglementaire valable pour chaque substance active pesticide et métabolite pertinent,,,0.142,µg/L,Valeur recommandée par le HCSP en l'absence de Vmax ou VST,,,,"Dichloropropane-1,3",,
TRZPH,1657,TRIAZOPHOS,Triazophos,24017-47-8,pesticide,sub_active,,0.1,µg/L,Limite de qualité réglementaire valable pour chaque substance active pesticide et métabolite pertinent,,,0.142,µg/L,Valeur recommandée par le HCSP en l'absence de Vmax ou VST,,,,Triazophos,,
TLINE,1658,TRALOMÉTHRINE,Tralométhrine,66841-25-6,pesticide,sub_active,,0.1,µg/L,Limite de qualité réglementaire valable pour chaque substance active pesticide et métabolite pertinent,,,0.142,µg/L,Valeur recommandée par le HCSP en l'absence de Vmax ou VST,,,,Tralométhrine,,
TBIL,1659,TERBACILE,Terbacile,5902-51-2,pesticide,sub_active,,0.1,µg/L,Limite de qualité réglementaire valable pour chaque substance active pesticide et métabolite pertinent,,,0.142,µg/L,Valeur recommandée par le HCSP en l'absence de Vmax ou VST,,,,Terbacile,,
TCNZ,1660,TÉTRACONAZOLE,Tétraconazole,112281-77-3,pesticide,sub_active,,0.1,µg/L,Limite de qualité réglementaire valable pour chaque substance active pesticide et métabolite pertinent,,,0.142,µg/L,Valeur recommandée par le HCSP en l'absence de Vmax ou VST,,,,Tétraconazole,,
TAM,1661,TÉBUTAM,Tébutam,35256-85-0,pesticide,sub_active,,0.1,µg/L,Limite de qualité réglementaire valable pour chaque substance active pesticide et métabolite pertinent,,,0.142,µg/L,Valeur recommandée par le HCSP en l'absence de Vmax ou VST. L'Anses n'a pas pu établir de valeur sanitaire en 2017,,,,Tébutam,Interdit,
SCT,1662,SULCOTRIONE,Sulcotrione,99105-77-8,pesticide,sub_active,,0.1,µg/L,Limite de qualité réglementaire valable pour chaque substance active pesticide et métabolite pertinent,,,0.9,µg/L,Vmax établie par l'Anses en 2020,,,,Sulcotrione,,
PYRX,1663,PYRIFÉNOX,Pyrifénox,88283-41-4,pesticide,sub_active,,0.1,µg/L,Limite de qualité réglementaire valable pour chaque substance active pesticide et métabolite pertinent,,,0.142,µg/L,Valeur recommandée par le HCSP en l'absence de Vmax ou VST,,,,Pyrifénox,,
PROCYM,1664,PROCYMIDONE,Procymidone,32809-16-8,pesticide,sub_active,,0.1,µg/L,Limite de qualité réglementaire valable pour chaque substance active pesticide et métabolite pertinent,,,0.9,µg/L,"Vmax établie par l'Anses en 2020 0,9 (associée à ERI = 10^-6)",,,,Procymidone,,
PHM,1665,PHOXIME,Phoxime,14816-18-3,pesticide,sub_active,,0.1,µg/L,Limite de qualité réglementaire valable pour chaque substance active pesticide et métabolite pertinent,,,0.142,µg/L,Valeur recommandée par le HCSP en l'absence de Vmax ou VST,,,,Phoxime,,
ODX,1666,OXADIXYL,Oxadixyl,77732-09-03,pesticide,sub_active,,0.1,µg/L,Limite de qualité réglementaire valable pour chaque substance active pesticide et métabolite pertinent,,,30,µg/L,Vmax établie par l'Anses en 2007,,,,Oxadixyl,Interdit,
OXDZ,1667,OXADIAZON,Oxadiazon,19666-30-9,pesticide,sub_active,,0.1,µg/L,Limite de qualité réglementaire valable pour chaque substance active pesticide et métabolite pertinent,,,10.8,µg/L,Vmax établie par l'Anses en 2007,,,,Oxadiazon,,
ORZ,1668,ORYZALIN,Oryzalin,19044-88-3,pesticide,sub_active,,0.1,µg/L,Limite de qualité réglementaire valable pour chaque substance active pesticide et métabolite pertinent,,,0.142,µg/L,Valeur recommandée par le HCSP en l'absence de Vmax ou VST,,,,Oryzalin,,
NFZ,1669,NORFLURAZON,Norflurazon,27314-13-2,pesticide,sub_active,,0.1,µg/L,Limite de qualité réglementaire valable pour chaque substance active pesticide et métabolite pertinent,,,60,µg/L,Vmax établie par l'Anses en 2007,,,,Norflurazon,,
METZCL,1670,MÉTAZACHLORE,Métazachlore,67129-08-02,pesticide,sub_active,,0.1,µg/L,Limite de qualité réglementaire valable pour chaque substance active pesticide et métabolite pertinent,,,240,µg/L,Vmax établie par l'Anses en 2016,,,,Métazachlore,Autorisé,
MTHDP,1671,MÉTHAMIDOPHOS,Méthamidophos,10265-92-6,pesticide,sub_active,,0.1,µg/L,Limite de qualité réglementaire valable pour chaque substance active pesticide et métabolite pertinent,,,0.142,µg/L,Valeur recommandée par le HCSP en l'absence de Vmax ou VST,,,,Méthamidophos,,
IXB,1672,ISOXABEN,Isoxaben,82558-50-7,pesticide,sub_active,,0.1,µg/L,Limite de qualité réglementaire valable pour chaque substance active pesticide et métabolite pertinent,,,0.142,µg/L,Valeur recommandée par le HCSP en l'absence de Vmax ou VST,,,,Isoxaben,,
HXZN,1673,HEXAZINONE,Hexazinone,51235-04-02,pesticide,sub_active,,0.1,µg/L,Limite de qualité réglementaire valable pour chaque substance active pesticide et métabolite pertinent,,,99,µg/L,Vmax établie par l'Anses en 2007,,,,Hexazinone,Interdit,
FONO,1674,FONOFOS,Fonofos,944-22-9,pesticide,sub_active,,0.1,µg/L,Limite de qualité réglementaire valable pour chaque substance active pesticide et métabolite pertinent,,,0.142,µg/L,Valeur recommandée par le HCSP en l'absence de Vmax ou VST,,,,Fonofos,,
FCLRD,1675,FLUROCHLORIDONE,Flurochloridone,61213-25-0,pesticide,sub_active,,0.1,µg/L,Limite de qualité réglementaire valable pour chaque substance active pesticide et métabolite pertinent,,,89,µg/L,Vmax établie par l'Anses en 2020,,,,Flurochloridone,,
FLUXR,1676,FLUFÉNOXURON,Flufénoxuron,101463-69-8,pesticide,sub_active,,0.1,µg/L,Limite de qualité réglementaire valable pour chaque substance active pesticide et métabolite pertinent,,,0.142,µg/L,Valeur recommandée par le HCSP en l'absence de Vmax ou VST,,,,Flufénoxuron,,
MDNOCP,1677,MEPTYLDINOCAP,Meptyldinocap,131-72-6,pesticide,sub_active,,0.1,µg/L,Limite de qualité réglementaire valable pour chaque substance active pesticide et métabolite pertinent,,,0.142,µg/L,Valeur recommandée par le HCSP en l'absence de Vmax ou VST,,,,Meptyldinocap,,
DMTH,1678,DIMÉTHÉNAMIDE,Diméthénamide,87674-68-8,pesticide,sub_active,,0.1,µg/L,Limite de qualité réglementaire valable pour chaque substance active pesticide et métabolite pertinent,,,60,µg/L,Vmax établie par l'Anses en 2008,,,,Diméthénamide,Autorisé,
DICHLB,1679,DICHLOBÉNIL,Dichlobénil,1194-65-6,pesticide,sub_active,,0.1,µg/L,Limite de qualité réglementaire valable pour chaque substance active pesticide et métabolite pertinent,,,30,µg/L,Vmax établie par l'Anses en 2007,,,,Dichlobénil,,
CPCNZ,1680,CYPROCONAZOL,Cyproconazol,94361-06-05,pesticide,sub_active,,0.1,µg/L,Limite de qualité réglementaire valable pour chaque substance active pesticide et métabolite pertinent,,,60,µg/L,Vmax établie par l'Anses en 2016,,,,Cyproconazol,,
CYFLTH,1681,CYFLUTHRINE,Cyfluthrine,68359-37-5,pesticide,sub_active,,0.1,µg/L,Limite de qualité réglementaire valable pour chaque substance active pesticide et métabolite pertinent,,,0.142,µg/L,Valeur recommandée par le HCSP en l'absence de Vmax ou VST,,,,Cyfluthrine,,
COUM,1682,COUMAPHOS,Coumaphos,56-72-4,pesticide,sub_active,,0.1,µg/L,Limite de qualité réglementaire valable pour chaque substance active pesticide et métabolite pertinent,,,0.142,µg/L,Valeur recommandée par le HCSP en l'absence de Vmax ou VST,,,,Coumaphos,,
CHLX,1683,CHLOROXURON,Chloroxuron,1982-47-4,pesticide,sub_active,,0.1,µg/L,Limite de qualité réglementaire valable pour chaque substance active pesticide et métabolite pertinent,,,0.142,µg/L,Valeur recommandée par le HCSP en l'absence de Vmax ou VST,,,,Chloroxuron,,
CPC,1684,CHLOROPHACINONE,Chlorophacinone,3691-35-8,pesticide,sub_active,,0.1,µg/L,Limite de qualité réglementaire valable pour chaque substance active pesticide et métabolite pertinent,,,0.142,µg/L,Valeur recommandée par le HCSP en l'absence de Vmax ou VST,,,,Chlorophacinone,,
BRPPL,1685,BROMOPROPYLATE,Bromopropylate,18181-80-1,pesticide,sub_active,,0.1,µg/L,Limite de qualité réglementaire valable pour chaque substance active pesticide et métabolite pertinent,,,0.142,µg/L,Valeur recommandée par le HCSP en l'absence de Vmax ou VST,,,,Bromopropylate,,
BRMCL,1686,BROMACIL,Bromacil,314-40-9,pesticide,sub_active,,0.1,µg/L,Limite de qualité réglementaire valable pour chaque substance active pesticide et métabolite pertinent,,,390,µg/L,Vmax établie par l'Anses en 2008,,,,Bromacil,Interdit,
BAX,1687,BÉNALAXYL,Bénalaxyl,71626-11-4,pesticide,sub_active,,0.1,µg/L,Limite de qualité réglementaire valable pour chaque substance active pesticide et métabolite pertinent,,,0.142,µg/L,Valeur recommandée par le HCSP en l'absence de Vmax ou VST,,,,Bénalaxyl,,
CNPA,1688,ACLONIFEN,Aclonifen,74070-46-5,pesticide,sub_active,,0.1,µg/L,Limite de qualité réglementaire valable pour chaque substance active pesticide et métabolite pertinent,,,0.142,µg/L,Valeur recommandée par le HCSP en l'absence de Vmax ou VST,,,,Aclonifen,,
TBCZ,1694,TÉBUCONAZOLE,Tébuconazole,107534-96-3,pesticide,sub_active,,0.1,µg/L,Limite de qualité réglementaire valable pour chaque substance active pesticide et métabolite pertinent,,,90,µg/L,Vmax établie par l'Anses en 2008,,,,Tébuconazole,,
IMAT,1695,IMAZAMÉTHABENZ,Imazaméthabenz,100728-84-5,pesticide,sub_active,,0.1,µg/L,Limite de qualité réglementaire valable pour chaque substance active pesticide et métabolite pertinent,,,180,µg/L,Vmax établie par l'Anses en 2007,,,,Imazaméthabenz,,
COMLI,1696,CYCLURON,Cycluron,2163-69-1,pesticide,sub_active,,0.1,µg/L,Limite de qualité réglementaire valable pour chaque substance active pesticide et métabolite pertinent,,,0.142,µg/L,Valeur recommandée par le HCSP en l'absence de Vmax ou VST,,,,Cycluron,,
DPLLTH,1697,DÉPALLETHRINE,Dépallethrine,584-79-2,pesticide,sub_active,,0.1,µg/L,Limite de qualité réglementaire valable pour chaque substance active pesticide et métabolite pertinent,,,0.142,µg/L,Valeur recommandée par le HCSP en l'absence de Vmax ou VST,,,,Dépallethrine,,
METIL,1698,DIMÉTILAN,Dimétilan,644-64-4,pesticide,sub_active,,0.1,µg/L,Limite de qualité réglementaire valable pour chaque substance active pesticide et métabolite pertinent,,,0.142,µg/L,Valeur recommandée par le HCSP en l'absence de Vmax ou VST,,,,Dimétilan,,
DIQUAT,1699,DIQUAT,Diquat,2764-72-9,pesticide,sub_active,,0.1,µg/L,Limite de qualité réglementaire valable pour chaque substance active pesticide et métabolite pertinent,,,0.142,µg/L,Valeur recommandée par le HCSP en l'absence de Vmax ou VST,,,,Diquat,,
FPRO,1700,FENPROPIDIN,Fenpropidin,67306-00-7,pesticide,sub_active,,0.1,µg/L,Limite de qualité réglementaire valable pour chaque substance active pesticide et métabolite pertinent,,,51,µg/L,Vmax établie par l'Anses en 2020,,,,Fenpropidin,,
FVAL,1701,FENVALÉRATE,Fenvalérate,51630-58-1,pesticide,sub_active,,0.1,µg/L,Limite de qualité réglementaire valable pour chaque substance active pesticide et métabolite pertinent,,,0.142,µg/L,Valeur recommandée par le HCSP en l'absence de Vmax ou VST,,,,Fenvalérate,,
FORME,1703,FORMÉTANATE,Formétanate,22259-30-9,pesticide,sub_active,,0.1,µg/L,Limite de qualité réglementaire valable pour chaque substance active pesticide et métabolite pertinent,,,0.142,µg/L,Valeur recommandée par le HCSP en l'absence de Vmax ou VST,,,,Formétanate,,
IMAZ,1704,IMAZALILE,Imazalile,35554-44-0,pesticide,sub_active,,0.1,µg/L,Limite de qualité réglementaire valable pour chaque substance active pesticide et métabolite pertinent,,,75,µg/L,Vmax établie par l'Anses en 2007,,,,Imazalile,,
MANEB,1705,MANÈBE,Manèbe,12427-38-2,pesticide,sub_active,,0.1,µg/L,Limite de qualité réglementaire valable pour chaque substance active pesticide et métabolite pertinent,,,0.142,µg/L,Valeur recommandée par le HCSP en l'absence de Vmax ou VST,,,,Manèbe,,
METAL,1706,MÉTALAXYLE,Métalaxyle,57837-19-1,pesticide,sub_active,,0.1,µg/L,Limite de qualité réglementaire valable pour chaque substance active pesticide et métabolite pertinent,,,240,µg/L,Vmax établie par l'Anses en 2013,,,,Métalaxyle,,
MOL,1707,MOLINATE,Molinate,2212-67-1,pesticide,sub_active,,0.1,µg/L,Limite de qualité réglementaire valable pour chaque substance active pesticide et métabolite pertinent,,,0.142,µg/L,Valeur recommandée par le HCSP en l'absence de Vmax ou VST,,,,Molinate,,
PICLO,1708,PICLORAME,Piclorame,01/02/1918,pesticide,sub_active,,0.1,µg/L,Limite de qualité réglementaire valable pour chaque substance active pesticide et métabolite pertinent,,,900,µg/L,Vmax établie par l'Anses en 2013,,,,Piclorame,Autorisé,
PPBTX,1709,PIPERONIL BUTOXIDE,Piperonil butoxide,51-03-6,pesticide,sub_active,,0.1,µg/L,Limite de qualité réglementaire valable pour chaque substance active pesticide et métabolite pertinent,,,600,µg/L,Vmax établie par l'Anses en 2013,,,,Piperonil butoxide,Autorisé,
PROME,1710,PROMÉCARBE,Promécarbe,2631-37-0,pesticide,sub_active,,0.1,µg/L,Limite de qualité réglementaire valable pour chaque substance active pesticide et métabolite pertinent,,,0.142,µg/L,Valeur recommandée par le HCSP en l'absence de Vmax ou VST,,,,Promécarbe,,
PROMN,1711,PROMÉTON,Prométon,1610-18-0,pesticide,sub_active,,0.1,µg/L,Limite de qualité réglementaire valable pour chaque substance active pesticide et métabolite pertinent,,,0.142,µg/L,Valeur recommandée par le HCSP en l'absence de Vmax ou VST,,,,Prométon,,
PPCHL,1712,PROPACHLORE,Propachlore,1918-16-7,pesticide,sub_active,,0.1,µg/L,Limite de qualité réglementaire valable pour chaque substance active pesticide et métabolite pertinent,,,0.142,µg/L,Valeur recommandée par le HCSP en l'absence de Vmax ou VST,,,,Propachlore,,
THBZ,1713,THIABENDAZOLE,Thiabendazole,148-79-8,pesticide,sub_active,,0.1,µg/L,Limite de qualité réglementaire valable pour chaque substance active pesticide et métabolite pertinent,,,73,µg/L,Vmax établie par l'Anses en 2020,,,,Thiabendazole,,
TFU,1714,THIAZFLURON,Thiazfluron,25366-23-8,pesticide,sub_active,,0.1,µg/L,Limite de qualité réglementaire valable pour chaque substance active pesticide et métabolite pertinent,,,0.142,µg/L,Valeur recommandée par le HCSP en l'absence de Vmax ou VST. L'Anses n'a pas pu établir de valeur sanitaire en 2019,,,,Thiazfluron,Interdit,
TFX,1715,THIOFANOX,Thiofanox,39196-18-4,pesticide,sub_active,,0.1,µg/L,Limite de qualité réglementaire valable pour chaque substance active pesticide et métabolite pertinent,,,0.142,µg/L,Valeur recommandée par le HCSP en l'absence de Vmax ou VST,,,,Thiofanox,,
THIOPM,1717,THIOPHANATE MÉTHYL,Thiophanate méthyl,23564-05-08,pesticide,sub_active,,0.1,µg/L,Limite de qualité réglementaire valable pour chaque substance active pesticide et métabolite pertinent,,,0.142,µg/L,Valeur recommandée par le HCSP en l'absence de Vmax ou VST,,,,Thiophanate méthyl,,
THIR,1718,THIRAME,Thirame,137-26-8,pesticide,sub_active,,0.1,µg/L,Limite de qualité réglementaire valable pour chaque substance active pesticide et métabolite pertinent,,,30,µg/L,Vmax établie par l'Anses en 2008,,,,Thirame,,
TLFND,1719,TOLYLFLUANIDE,Tolylfluanide,731-27-1,pesticide,sub_active,,0.1,µg/L,Limite de qualité réglementaire valable pour chaque substance active pesticide et métabolite pertinent,,,0.142,µg/L,Valeur recommandée par le HCSP en l'absence de Vmax ou VST,,,,Tolylfluanide,,
TCLNAT,1720,TRICHLORONAT,Trichloronat,327-98-0,pesticide,sub_active,,0.1,µg/L,Limite de qualité réglementaire valable pour chaque substance active pesticide et métabolite pertinent,,,0.142,µg/L,Valeur recommandée par le HCSP en l'absence de Vmax ou VST,,,,Trichloronat,,
ZIRA,1722,ZIRAME,Zirame,137-30-4,pesticide,sub_active,,0.1,µg/L,Limite de qualité réglementaire valable pour chaque substance active pesticide et métabolite pertinent,,,0.142,µg/L,Valeur recommandée par le HCSP en l'absence de Vmax ou VST,,,,Zirame,,
ENDOS,1742,ENDOSULFAN SULFATE,Endosulfan sulfate,1031-07-08,pesticide,metabolite,pertinent_par_defaut,0.1,µg/L,Limite de qualité réglementaire valable pour chaque substance active pesticide et métabolite pertinent,,,0.142,µg/L,Valeur recommandée par le HCSP en l'absence de Vmax ou VST,,,,Endosulfan sulfate,,
ENDOT,1743,ENDOSULFAN TOTAL,Endosulfan total,115-29-7,pesticide,sub_active,,0.1,µg/L,Limite de qualité réglementaire valable pour chaque substance active pesticide et métabolite pertinent,,,0.142,µg/L,Valeur recommandée par le HCSP en l'absence de Vmax ou VST,,,,Endosulfan total,,
EPOXCZ,1744,EPOXYCONAZOLE,Epoxyconazole,133855-98-8,pesticide,sub_active,,0.1,µg/L,Limite de qualité réglementaire valable pour chaque substance active pesticide et métabolite pertinent,,,0.142,µg/L,Valeur recommandée par le HCSP en l'absence de Vmax ou VST,,,,Epoxyconazole,Interdit,
HEPEC,1748,HEPTACHLORE ÉPOXYDE CIS,Heptachlore époxyde cis,1024-57-3,pesticide,metabolite,pertinent_par_defaut,0.1,µg/L,Limite de qualité réglementaire valable pour chaque substance active pesticide et métabolite pertinent,,,0.03,µg/L,,,,,Heptachlore époxyde cis,,
HEPET,1749,HEPTACHLORE ÉPOXYDE TRANS,Heptachlore époxyde trans,28044-83-9,pesticide,metabolite,pertinent_par_defaut,0.1,µg/L,Limite de qualité réglementaire valable pour chaque substance active pesticide et métabolite pertinent,,,0.142,µg/L,Valeur recommandée par le HCSP en l'absence de Vmax ou VST,,,,Heptachlore époxyde trans,,
CLAHB,1757,CHLORDANE BÉTA,Chlordane béta,5103-74-2,pesticide,sub_active,,0.1,µg/L,Limite de qualité réglementaire valable pour chaque substance active pesticide et métabolite pertinent,,,0.142,µg/L,Valeur recommandée par le HCSP en l'absence de Vmax ou VST,,,,Chlordane béta,,
CLAQ,1758,CHLORDANE GAMMA,Chlordane gamma,5566-34-7,pesticide,sub_active,,0.1,µg/L,Limite de qualité réglementaire valable pour chaque substance active pesticide et métabolite pertinent,,,0.142,µg/L,Valeur recommandée par le HCSP en l'absence de Vmax ou VST,,,,Chlordane gamma,,
PECNZ,1762,PENCONAZOLE,Penconazole,66246-88-6,pesticide,sub_active,,0.1,µg/L,Limite de qualité réglementaire valable pour chaque substance active pesticide et métabolite pertinent,,,0.142,µg/L,Valeur recommandée par le HCSP en l'absence de Vmax ou VST,,,,Penconazole,,
ETDMR,1763,ETHIDIMURON,Ethidimuron,30043-49-3,pesticide,sub_active,,0.1,µg/L,Limite de qualité réglementaire valable pour chaque substance active pesticide et métabolite pertinent,,,0.142,µg/L,Valeur recommandée par le HCSP en l'absence de Vmax ou VST. L'Anses n'a pas pu établir de valeur sanitaire en 2020,,,,Ethidimuron,,
THIOBEN,1764,THIOBENCARDE,Thiobencarde,28249-77-6,pesticide,sub_active,,0.1,µg/L,Limite de qualité réglementaire valable pour chaque substance active pesticide et métabolite pertinent,,,0.142,µg/L,Valeur recommandée par le HCSP en l'absence de Vmax ou VST,,,,Thiobencarde,,
FPYR,1765,FLUROXYPIR,Fluroxypir,69377-81-7,pesticide,sub_active,,0.1,µg/L,Limite de qualité réglementaire valable pour chaque substance active pesticide et métabolite pertinent,,,2400,µg/L,Vmax établie par l'Anses en 2013,,,,Fluroxypir,,
METACET,1796,MÉTALDÉHYDE,Métaldéhyde,108-62-3,pesticide,sub_active,,0.1,µg/L,Limite de qualité réglementaire valable pour chaque substance active pesticide et métabolite pertinent,,,60,µg/L,Vmax établie par l'Anses en 2008,,,,Métaldéhyde,Autorisé,
IMETS,1797,METSULFURON MÉTHYL,Metsulfuron méthyl,74223-64-6,pesticide,sub_active,,0.1,µg/L,Limite de qualité réglementaire valable pour chaque substance active pesticide et métabolite pertinent,,,660,µg/L,Vmax établie par l'Anses en 2017,,,,Metsulfuron méthyl,,
TRIFORI,1802,TRIFORINE,Triforine,26644-46-2,pesticide,sub_active,,0.1,µg/L,Limite de qualité réglementaire valable pour chaque substance active pesticide et métabolite pertinent,,,0.142,µg/L,Valeur recommandée par le HCSP en l'absence de Vmax ou VST,,,,Triforine,,
MESUO,1803,METHIOCARB SULFONE,Methiocarb sulfone,2179-25-1,pesticide,metabolite,pertinent_par_defaut,0.1,µg/L,Limite de qualité réglementaire valable pour chaque substance active pesticide et métabolite pertinent,,,0.142,µg/L,Valeur recommandée par le HCSP en l'absence de Vmax ou VST,,,,Methiocarb sulfone,,
MESUY,1804,METHIOCARB SULFOXYDE,Methiocarb sulfoxyde,2635-10-1,pesticide,metabolite,pertinent_par_defaut,0.1,µg/L,Limite de qualité réglementaire valable pour chaque substance active pesticide et métabolite pertinent,,,0.142,µg/L,Valeur recommandée par le HCSP en l'absence de Vmax ou VST,,,,Methiocarb sulfoxyde,,
3HXC,1805,HYDROXYCARBOFURAN-3,Hydroxycarbofuran-3,16655-82-6,pesticide,metabolite,pertinent_par_defaut,0.1,µg/L,Limite de qualité réglementaire valable pour chaque substance active pesticide et métabolite pertinent,,,0.142,µg/L,Valeur recommandée par le HCSP en l'absence de Vmax ou VST,,,,Hydroxycarbofuran-3,,
ALDSY,1806,ALDICARBE SULFOXYDE,Aldicarbe sulfoxyde,1646-87-3,pesticide,metabolite,pertinent_par_defaut,0.1,µg/L,Limite de qualité réglementaire valable pour chaque substance active pesticide et métabolite pertinent,,,0.142,µg/L,Valeur recommandée par le HCSP en l'absence de Vmax ou VST,,,,Aldicarbe sulfoxyde,,
ALDSN,1807,ALDICARBE SULFONÉ,Aldicarbe sulfoné,1646-88-4,pesticide,metabolite,pertinent_par_defaut,0.1,µg/L,Limite de qualité réglementaire valable pour chaque substance active pesticide et métabolite pertinent,,,0.142,µg/L,Valeur recommandée par le HCSP en l'absence de Vmax ou VST,,,,Aldicarbe sulfoné,,
SETHOX,1808,SETHOXYDIM,Sethoxydim,74051-80-2,pesticide,sub_active,,0.1,µg/L,Limite de qualité réglementaire valable pour chaque substance active pesticide et métabolite pertinent,,,0.142,µg/L,Valeur recommandée par le HCSP en l'absence de Vmax ou VST,,,,Sethoxydim,,
ESFENV,1809,ESFENVALÉRATE,Esfenvalérate,66230-04-04,pesticide,sub_active,,0.1,µg/L,Limite de qualité réglementaire valable pour chaque substance active pesticide et métabolite pertinent,,,0.142,µg/L,Valeur recommandée par le HCSP en l'absence de Vmax ou VST,,,,Esfenvalérate,,
CLOPY,1810,CLOPYRALID,Clopyralid,1702-17-6,pesticide,sub_active,,0.1,µg/L,Limite de qualité réglementaire valable pour chaque substance active pesticide et métabolite pertinent,,,450,µg/L,Vmax établie par l'Anses en 2008,,,,Clopyralid,Autorisé,
TRIADEM,1811,TRIDEMORPHE,Tridemorphe,81412-43-3,pesticide,sub_active,,0.1,µg/L,Limite de qualité réglementaire valable pour chaque substance active pesticide et métabolite pertinent,,,0.142,µg/L,Valeur recommandée par le HCSP en l'absence de Vmax ou VST,,,,Tridemorphe,,
ACYINE,1812,ALPHAMÉTHRINE,Alphaméthrine,67375-30-8,pesticide,sub_active,,0.1,µg/L,Limite de qualité réglementaire valable pour chaque substance active pesticide et métabolite pertinent,,,0.142,µg/L,Valeur recommandée par le HCSP en l'absence de Vmax ou VST,,,,Alphaméthrine,,
CLTHIAM,1813,CHLORTHIAMIDE,Chlorthiamide,1918-13-4,pesticide,sub_active,,0.1,µg/L,Limite de qualité réglementaire valable pour chaque substance active pesticide et métabolite pertinent,,,0.142,µg/L,Valeur recommandée par le HCSP en l'absence de Vmax ou VST,,,,Chlorthiamide,,
DFF,1814,DIFLUFÉNICANIL,Diflufénicanil,83164-33-4,pesticide,sub_active,,0.1,µg/L,Limite de qualité réglementaire valable pour chaque substance active pesticide et métabolite pertinent,,,600,µg/L,Vmax établie par l'Anses en 2017,,,,Diflufénicanil,Autorisé,
FOSETYL,1816,FOSETYL,Fosetyl,15845-66-6,pesticide,sub_active,,0.1,µg/L,Limite de qualité réglementaire valable pour chaque substance active pesticide et métabolite pertinent,,,0.142,µg/L,Valeur recommandée par le HCSP en l'absence de Vmax ou VST,,,,Fosetyl,Autorisé,
FLUAZB,1825,FLUAZIFOP BUTYL,Fluazifop butyl,69806-50-4,pesticide,sub_active,,0.1,µg/L,Limite de qualité réglementaire valable pour chaque substance active pesticide et métabolite pertinent,,,0.142,µg/L,Valeur recommandée par le HCSP en l'absence de Vmax ou VST,,,,Fluazifop butyl,,
ISPV,1829,ISOFENVOS,Isofenvos,25311-71-1,pesticide,sub_active,,0.1,µg/L,Limite de qualité réglementaire valable pour chaque substance active pesticide et métabolite pertinent,,,0.142,µg/L,Valeur recommandée par le HCSP en l'absence de Vmax ou VST,,,,Isofenvos,,
ADETD,1830,ATRAZINE DÉSÉTHYL DÉISOPROPYL,Atrazine déséthyl déisopropyl,3397-62-4,pesticide,metabolite,pertinent_par_defaut,0.1,µg/L,Limite de qualité réglementaire valable pour chaque substance active pesticide et métabolite pertinent,,,60,µg/L,Vmax établie par l'Anses en 2016,,,,Atrazine déséthyl déisopropyl,Interdit,
SHYD,1831,SIMAZINE HYDROXY,Simazine hydroxy,2599-11-3,pesticide,metabolite,pertinent_par_defaut,0.1,µg/L,Limite de qualité réglementaire valable pour chaque substance active pesticide et métabolite pertinent,,,2,µg/L,Vmax établie par l'Anses en 2013,,,,Simazine hydroxy,,
A2H,1832,ATRAZINE-2-HYDROXY,Atrazine-2-hydroxy,2163-68-0,pesticide,metabolite,pertinent_par_defaut,0.1,µg/L,Limite de qualité réglementaire valable pour chaque substance active pesticide et métabolite pertinent,,,120,µg/L,Vmax établie par l'Anses en 2016,,,,Atrazine-2-hydroxy,Interdit,
HXPEE,1833,HALOXYFOP ÉTHOXYÉTHYL,Haloxyfop éthoxyéthyl,87237-48-7,pesticide,sub_active,,0.1,µg/L,Limite de qualité réglementaire valable pour chaque substance active pesticide et métabolite pertinent,,,0.142,µg/L,Valeur recommandée par le HCSP en l'absence de Vmax ou VST,,,,Haloxyfop éthoxyéthyl,,
LFLAM,1840,FLAMPROP-ISOPROPYL,Flamprop-isopropyl,52756-22-6,pesticide,sub_active,,0.1,µg/L,Limite de qualité réglementaire valable pour chaque substance active pesticide et métabolite pertinent,,,0.142,µg/L,Valeur recommandée par le HCSP en l'absence de Vmax ou VST. L'Anses n'a pas pu établir de valeur sanitaire en 2019,,,,Flamprop-isopropyl,,
FENFU,1843,FENFURAN,Fenfuran,24691-80-3,pesticide,sub_active,,0.1,µg/L,Limite de qualité réglementaire valable pour chaque substance active pesticide et métabolite pertinent,,,0.142,µg/L,Valeur recommandée par le HCSP en l'absence de Vmax ou VST,,,,Fenfuran,,
OCHA,1848,OXYCHLORDANE,Oxychlordane,27304-13-8,pesticide,metabolite,pertinent_par_defaut,0.1,µg/L,Limite de qualité réglementaire valable pour chaque substance active pesticide et métabolite pertinent,,,0.142,µg/L,Valeur recommandée par le HCSP en l'absence de Vmax ou VST,,,,Oxychlordane,,
OXYM,1850,OXAMYL,Oxamyl,23135-22-0,pesticide,sub_active,,0.1,µg/L,Limite de qualité réglementaire valable pour chaque substance active pesticide et métabolite pertinent,,,0.142,µg/L,Valeur recommandée par le HCSP en l'absence de Vmax ou VST,,,,Oxamyl,,
BROMADI,1859,BROMADIOLONE,Bromadiolone,28772-56-7,pesticide,sub_active,,0.1,µg/L,Limite de qualité réglementaire valable pour chaque substance active pesticide et métabolite pertinent,,,0.142,µg/L,Valeur recommandée par le HCSP en l'absence de Vmax ou VST,,,,Bromadiolone,,
BMUCON,1860,BROMUCONAZOLE,Bromuconazole,116255-48-2,pesticide,sub_active,,0.1,µg/L,Limite de qualité réglementaire valable pour chaque substance active pesticide et métabolite pertinent,,,30,µg/L,Vmax établie par l'Anses en 2008,,,,Bromuconazole,,
BUPIRI,1861,BUPIRIMATE,Bupirimate,41483-43-6,pesticide,sub_active,,0.1,µg/L,Limite de qualité réglementaire valable pour chaque substance active pesticide et métabolite pertinent,,,0.142,µg/L,Valeur recommandée par le HCSP en l'absence de Vmax ou VST,,,,Bupirimate,,
BUPROFZ,1862,BUPROFÉZINE,Buprofézine,69327-76-0,pesticide,sub_active,,0.1,µg/L,Limite de qualité réglementaire valable pour chaque substance active pesticide et métabolite pertinent,,,0.142,µg/L,Valeur recommandée par le HCSP en l'absence de Vmax ou VST,,,,Buprofézine,,
CADUSAF,1863,CADUSAFOS,Cadusafos,95465-99-9,pesticide,sub_active,,0.1,µg/L,Limite de qualité réglementaire valable pour chaque substance active pesticide et métabolite pertinent,,,0.142,µg/L,Valeur recommandée par le HCSP en l'absence de Vmax ou VST,,,,Cadusafos,,
CARBOSU,1864,CARBOSULFAN,Carbosulfan,55285-14-8,pesticide,sub_active,,0.1,µg/L,Limite de qualité réglementaire valable pour chaque substance active pesticide et métabolite pertinent,,,0.142,µg/L,Valeur recommandée par le HCSP en l'absence de Vmax ou VST,,,,Carbosulfan,,
CHINOME,1865,CHINOMÉTHIONATE,Chinométhionate,02/01/2439,pesticide,sub_active,,0.1,µg/L,Limite de qualité réglementaire valable pour chaque substance active pesticide et métabolite pertinent,,,0.142,µg/L,Valeur recommandée par le HCSP en l'absence de Vmax ou VST,,,,Chinométhionate,,
KEPONE,1866,CHLORDÉCONE,Chlordécone,143-50-0,pesticide,sub_active,,0.1,µg/L,Limite de qualité réglementaire valable pour chaque substance active pesticide et métabolite pertinent,,,0.3,µg/L,Vmax établie par l'Anses en 2025,,,,Chlordécone,Interdit,
DCPA,1867,CHLORTHAL,Chlorthal,2136-79-0,pesticide,sub_active,,0.1,µg/L,Limite de qualité réglementaire valable pour chaque substance active pesticide et métabolite pertinent,,,0.142,µg/L,Valeur recommandée par le HCSP en l'absence de Vmax ou VST,,,,Chlorthal,,
CLOFEN,1868,CLOFENTÉZINE,Clofentézine,74115-24-5,pesticide,sub_active,,0.1,µg/L,Limite de qualité réglementaire valable pour chaque substance active pesticide et métabolite pertinent,,,0.142,µg/L,Valeur recommandée par le HCSP en l'absence de Vmax ou VST,,,,Clofentézine,,
DMTT,1869,DAZOMET,Dazomet,533-74-4,pesticide,sub_active,,0.1,µg/L,Limite de qualité réglementaire valable pour chaque substance active pesticide et métabolite pertinent,,,0.142,µg/L,Valeur recommandée par le HCSP en l'absence de Vmax ou VST,,,,Dazomet,,
DIMEFUR,1870,DIMÉFURON,Diméfuron,34205-21-5,pesticide,sub_active,,0.1,µg/L,Limite de qualité réglementaire valable pour chaque substance active pesticide et métabolite pertinent,,,210,µg/L,Vmax établie par l'Anses en 2017,,,,Diméfuron,Interdit,
DINICO,1871,DINICONAZOLE,Diniconazole,83657-24-3,pesticide,sub_active,,0.1,µg/L,Limite de qualité réglementaire valable pour chaque substance active pesticide et métabolite pertinent,,,0.142,µg/L,Valeur recommandée par le HCSP en l'absence de Vmax ou VST,,,,Diniconazole,,
EPN,1873,EPN,EPN,2104-64-5,pesticide,sub_active,,0.1,µg/L,Limite de qualité réglementaire valable pour chaque substance active pesticide et métabolite pertinent,,,0.142,µg/L,Valeur recommandée par le HCSP en l'absence de Vmax ou VST,,,,EPN,,
ETHIOPH,1874,ETHIOPHENCARBE,Ethiophencarbe,29973-13-5,pesticide,sub_active,,0.1,µg/L,Limite de qualité réglementaire valable pour chaque substance active pesticide et métabolite pertinent,,,0.142,µg/L,Valeur recommandée par le HCSP en l'absence de Vmax ou VST,,,,Ethiophencarbe,,
HXFLUMU,1875,HEXAFLUMURON,Hexaflumuron,86479-06-03,pesticide,sub_active,,0.1,µg/L,Limite de qualité réglementaire valable pour chaque substance active pesticide et métabolite pertinent,,,0.142,µg/L,Valeur recommandée par le HCSP en l'absence de Vmax ou VST,,,,Hexaflumuron,,
HTZ,1876,HEXYTHIAZOX,Hexythiazox,78587-05-0,pesticide,sub_active,,0.1,µg/L,Limite de qualité réglementaire valable pour chaque substance active pesticide et métabolite pertinent,,,0.142,µg/L,Valeur recommandée par le HCSP en l'absence de Vmax ou VST,,,,Hexythiazox,,
IMIDA,1877,IMIDACLOPRIDE,Imidaclopride,138261-41-3,pesticide,sub_active,,0.1,µg/L,Limite de qualité réglementaire valable pour chaque substance active pesticide et métabolite pertinent,,,180,µg/L,Vmax établie par l'Anses en 2008,,,,Imidaclopride,Interdit,
MEPRONI,1878,MÉPRONIL,Mépronil,55814-41-0,pesticide,sub_active,,0.1,µg/L,Limite de qualité réglementaire valable pour chaque substance active pesticide et métabolite pertinent,,,0.142,µg/L,Valeur recommandée par le HCSP en l'absence de Vmax ou VST,,,,Mépronil,,
METCONA,1879,METCONAZOL,Metconazol,125116-23-6,pesticide,sub_active,,0.1,µg/L,Limite de qualité réglementaire valable pour chaque substance active pesticide et métabolite pertinent,,,0.142,µg/L,Valeur recommandée par le HCSP en l'absence de Vmax ou VST,,,,Metconazol,,
AZODRIN,1880,MONOCROTOPHOS,Monocrotophos,6923-22-4,pesticide,sub_active,,0.1,µg/L,Limite de qualité réglementaire valable pour chaque substance active pesticide et métabolite pertinent,,,0.142,µg/L,Valeur recommandée par le HCSP en l'absence de Vmax ou VST,,,,Monocrotophos,,
MYCLOSS,1881,MYCLOBUTANIL,Myclobutanil,88671-89-0,pesticide,sub_active,,0.1,µg/L,Limite de qualité réglementaire valable pour chaque substance active pesticide et métabolite pertinent,,,0.142,µg/L,Valeur recommandée par le HCSP en l'absence de Vmax ou VST,,,,Myclobutanil,,
NICOSUL,1882,NICOSULFURON,Nicosulfuron,111991-09-4,pesticide,sub_active,,0.1,µg/L,Limite de qualité réglementaire valable pour chaque substance active pesticide et métabolite pertinent,,,2700,µg/L,Vmax établie par l'Anses en 2026,,,,Nicosulfuron,,
NUARIMO,1883,NUARIMOL,Nuarimol,63284-71-9,pesticide,sub_active,,0.1,µg/L,Limite de qualité réglementaire valable pour chaque substance active pesticide et métabolite pertinent,,,0.142,µg/L,Valeur recommandée par le HCSP en l'absence de Vmax ou VST,,,,Nuarimol,,
PENCYCU,1887,PENCYCURON,Pencycuron,66063-05-06,pesticide,sub_active,,0.1,µg/L,Limite de qualité réglementaire valable pour chaque substance active pesticide et métabolite pertinent,,,444,µg/L,Vmax établie par l'Anses en 2020,,,,Pencycuron,,
PROFENO,1889,PROFÉNOFOS,Profénofos,41198-08-07,pesticide,sub_active,,0.1,µg/L,Limite de qualité réglementaire valable pour chaque substance active pesticide et métabolite pertinent,,,0.142,µg/L,Valeur recommandée par le HCSP en l'absence de Vmax ou VST,,,,Profénofos,,
PYRIDAB,1890,PYRIDABÈNE,Pyridabène,96489-71-3,pesticide,sub_active,,0.1,µg/L,Limite de qualité réglementaire valable pour chaque substance active pesticide et métabolite pertinent,,,0.142,µg/L,Valeur recommandée par le HCSP en l'absence de Vmax ou VST,,,,Pyridabène,,
EKALUX,1891,QUINALPHOS,Quinalphos,13593-03-08,pesticide,sub_active,,0.1,µg/L,Limite de qualité réglementaire valable pour chaque substance active pesticide et métabolite pertinent,,,0.142,µg/L,Valeur recommandée par le HCSP en l'absence de Vmax ou VST,,,,Quinalphos,,
RSFU,1892,RIMSULFURON,Rimsulfuron,122931-48-0,pesticide,sub_active,,0.1,µg/L,Limite de qualité réglementaire valable pour chaque substance active pesticide et métabolite pertinent,,,0.142,µg/L,Valeur recommandée par le HCSP en l'absence de Vmax ou VST,,,,Rimsulfuron,,
SIDURON,1893,SIDURON,Siduron,1982-49-6,pesticide,sub_active,,0.1,µg/L,Limite de qualité réglementaire valable pour chaque substance active pesticide et métabolite pertinent,,,0.142,µg/L,Valeur recommandée par le HCSP en l'absence de Vmax ou VST,,,,Siduron,,
TEDP,1894,SULFOTEPP,Sulfotepp,3689-24-5,pesticide,sub_active,,0.1,µg/L,Limite de qualité réglementaire valable pour chaque substance active pesticide et métabolite pertinent,,,0.142,µg/L,Valeur recommandée par le HCSP en l'absence de Vmax ou VST,,,,Sulfotepp,,
TBZDE,1895,TÉBUFÉNOZIDE,Tébufénozide,112410-23-8,pesticide,sub_active,,0.1,µg/L,Limite de qualité réglementaire valable pour chaque substance active pesticide et métabolite pertinent,,,0.142,µg/L,Valeur recommandée par le HCSP en l'absence de Vmax ou VST,,,,Tébufénozide,,
TBPYR,1896,TÉBUFENPYRAD,Tébufenpyrad,119168-77-3,pesticide,sub_active,,0.1,µg/L,Limite de qualité réglementaire valable pour chaque substance active pesticide et métabolite pertinent,,,0.142,µg/L,Valeur recommandée par le HCSP en l'absence de Vmax ou VST,,,,Tébufenpyrad,,
TFBZURO,1897,TEFLUBENZURON,Teflubenzuron,83121-18-0,pesticide,sub_active,,0.1,µg/L,Limite de qualité réglementaire valable pour chaque substance active pesticide et métabolite pertinent,,,0.142,µg/L,Valeur recommandée par le HCSP en l'absence de Vmax ou VST,,,,Teflubenzuron,,
ABATE,1898,TÉMÉPHOS,Téméphos,3383-96-8,pesticide,sub_active,,0.1,µg/L,Limite de qualité réglementaire valable pour chaque substance active pesticide et métabolite pertinent,,,0.142,µg/L,Valeur recommandée par le HCSP en l'absence de Vmax ou VST,,,,Téméphos,,
TTDIFON,1900,TETRADIFON,Tetradifon,116-29-0,pesticide,sub_active,,0.1,µg/L,Limite de qualité réglementaire valable pour chaque substance active pesticide et métabolite pertinent,,,0.142,µg/L,Valeur recommandée par le HCSP en l'absence de Vmax ou VST,,,,Tetradifon,,
TRZAMAT,1901,TRIAZAMATE,Triazamate,112143-82-5,pesticide,sub_active,,0.1,µg/L,Limite de qualité réglementaire valable pour chaque substance active pesticide et métabolite pertinent,,,0.142,µg/L,Valeur recommandée par le HCSP en l'absence de Vmax ou VST,,,,Triazamate,,
TRFLUM,1902,TRIFLUMURON,Triflumuron,64628-44-0,pesticide,sub_active,,0.1,µg/L,Limite de qualité réglementaire valable pour chaque substance active pesticide et métabolite pertinent,,,0.142,µg/L,Valeur recommandée par le HCSP en l'absence de Vmax ou VST,,,,Triflumuron,,
ACETOCH,1903,ACÉTOCHLORE,Acétochlore,34256-82-1,pesticide,sub_active,,0.1,µg/L,Limite de qualité réglementaire valable pour chaque substance active pesticide et métabolite pertinent,,,10,µg/L,Vmax établie par l'Anses en 2016,,,,Acétochlore,,
DCBUT,1904,DICLOBUTRAZOL,Diclobutrazol,75736-33-3,pesticide,sub_active,,0.1,µg/L,Limite de qualité réglementaire valable pour chaque substance active pesticide et métabolite pertinent,,,0.142,µg/L,Valeur recommandée par le HCSP en l'absence de Vmax ou VST,,,,Diclobutrazol,,
DIFENOC,1905,DIFÉNOCONAZOLE,Difénoconazole,119446-68-3,pesticide,sub_active,,0.1,µg/L,Limite de qualité réglementaire valable pour chaque substance active pesticide et métabolite pertinent,,,0.142,µg/L,Valeur recommandée par le HCSP en l'absence de Vmax ou VST,,,,Difénoconazole,,
FENBUCO,1906,FENBUCONAZOLE,Fenbuconazole,114369-43-6,pesticide,sub_active,,0.1,µg/L,Limite de qualité réglementaire valable pour chaque substance active pesticide et métabolite pertinent,,,0.142,µg/L,Valeur recommandée par le HCSP en l'absence de Vmax ou VST,,,,Fenbuconazole,,
AMPA,1907,AMPA,AMPA,1066-51-9,pesticide,metabolite,non_pertinent,,µg/L,Limite de qualité réglementaire valable pour chaque substance active pesticide et métabolite pertinent,0.9,µg/L,,µg/L,Pas de restriction de consommation pour les métabolites non pertinents. ,,,,AMPA,Autorisé,
FURALAX,1908,FURALAXYL,Furalaxyl,57646-30-7,pesticide,sub_active,,0.1,µg/L,Limite de qualité réglementaire valable pour chaque substance active pesticide et métabolite pertinent,,,0.142,µg/L,Valeur recommandée par le HCSP en l'absence de Vmax ou VST,,,,Furalaxyl,,
HALOXYR,1909,HALOXYFOP-MÉTHYL (R),Haloxyfop-méthyl (R),72619-32-0,pesticide,sub_active,,0.1,µg/L,Limite de qualité réglementaire valable pour chaque substance active pesticide et métabolite pertinent,,,0.142,µg/L,Valeur recommandée par le HCSP en l'absence de Vmax ou VST,,,,Haloxyfop-méthyl (R),,
HEPTENO,1910,HEPTÉNOPHOS,Hepténophos,23560-59-0,pesticide,sub_active,,0.1,µg/L,Limite de qualité réglementaire valable pour chaque substance active pesticide et métabolite pertinent,,,0.142,µg/L,Valeur recommandée par le HCSP en l'absence de Vmax ou VST,,,,Hepténophos,,
IMATMET,1911,IMAZAMÉTHABENZ-MÉTHYL,Imazaméthabenz-méthyl,81405-85-8,pesticide,sub_active,,0.1,µg/L,Limite de qualité réglementaire valable pour chaque substance active pesticide et métabolite pertinent,,,0.142,µg/L,Valeur recommandée par le HCSP en l'absence de Vmax ou VST,,,,Imazaméthabenz-méthyl,,
METOSUL,1912,MÉTOSULAM,Métosulam,139528-85-1,pesticide,sub_active,,0.1,µg/L,Limite de qualité réglementaire valable pour chaque substance active pesticide et métabolite pertinent,,,0.142,µg/L,Valeur recommandée par le HCSP en l'absence de Vmax ou VST,,,,Métosulam,,
THISUME,1913,THIFENSULFURON MÉTHYL,Thifensulfuron méthyl,79277-27-3,pesticide,sub_active,,0.1,µg/L,Limite de qualité réglementaire valable pour chaque substance active pesticide et métabolite pertinent,,,22,µg/L,Vmax établie par l'Anses en 2020,,,,Thifensulfuron méthyl,,
TRIASUL,1914,TRIASULFURON,Triasulfuron,82097-50-5,pesticide,sub_active,,0.1,µg/L,Limite de qualité réglementaire valable pour chaque substance active pesticide et métabolite pertinent,,,0.142,µg/L,Valeur recommandée par le HCSP en l'absence de Vmax ou VST,,,,Triasulfuron,,
SEBUT,1923,SÉBUTHYLAZINE,Sébuthylazine,7286-69-3,pesticide,sub_active,,0.1,µg/L,Limite de qualité réglementaire valable pour chaque substance active pesticide et métabolite pertinent,,,0.142,µg/L,Valeur recommandée par le HCSP en l'absence de Vmax ou VST,,,,Sébuthylazine,,
DCPMU,1929,"1-(3,4-DICHLOROPHÉNYL)-3-MÉTHYLURÉE","1-(3,4-dichlorophényl)-3-méthylurée",3567-62-2,pesticide,metabolite,pertinent_par_defaut,0.1,µg/L,Limite de qualité réglementaire valable pour chaque substance active pesticide et métabolite pertinent,,,0.142,µg/L,Valeur recommandée par le HCSP en l'absence de Vmax ou VST,,,,"1-(3,4-dichlorophényl)-3-méthylurée",,
DCPU,1930,"1-(3,4-DICHLOROPHÉNYL)-URÉE","1-(3,4-dichlorophényl)-urée",2327-02-08,pesticide,metabolite,pertinent_par_defaut,0.1,µg/L,Limite de qualité réglementaire valable pour chaque substance active pesticide et métabolite pertinent,,,0.142,µg/L,Valeur recommandée par le HCSP en l'absence de Vmax ou VST,,,,"1-(3,4-dichlorophényl)-urée",,
4ISPRO,1932,4-ISOPROPYLANILINE,4-Isopropylaniline,99-88-7,pesticide,metabolite,pertinent_par_defaut,0.1,µg/L,Limite de qualité réglementaire valable pour chaque substance active pesticide et métabolite pertinent,,,0.142,µg/L,Valeur recommandée par le HCSP en l'absence de Vmax ou VST,,,,4-Isopropylaniline,,
CYBUT,1935,CYBUTRYNE,Cybutryne,28159-98-0,pesticide,sub_active,,0.1,µg/L,Limite de qualité réglementaire valable pour chaque substance active pesticide et métabolite pertinent,,,0.142,µg/L,Valeur recommandée par le HCSP en l'absence de Vmax ou VST,,,,Cybutryne,,
NPA,1937,NAPTALAME,Naptalame,132-66-1,pesticide,sub_active,,0.1,µg/L,Limite de qualité réglementaire valable pour chaque substance active pesticide et métabolite pertinent,,,0.142,µg/L,Valeur recommandée par le HCSP en l'absence de Vmax ou VST,,,,Naptalame,,
FLAZASU,1939,FLAZASULFURON,Flazasulfuron,104040-78-0,pesticide,sub_active,,0.1,µg/L,Limite de qualité réglementaire valable pour chaque substance active pesticide et métabolite pertinent,,,40,µg/L,Vmax établie par l'Anses en 2010,,,,Flazasulfuron,,
FLUTHI,1940,FLUFENACET,Flufenacet,142459-58-3,pesticide,sub_active,,0.1,µg/L,Limite de qualité réglementaire valable pour chaque substance active pesticide et métabolite pertinent,,,8.8,µg/L,Vmax établie par l'Anses en 2026,,,,Flufenacet,Interdit,
BRXYOC,1941,BROMOXYNIL OCTANOATE,Bromoxynil octanoate,1689-99-2,pesticide,sub_active,,0.1,µg/L,Limite de qualité réglementaire valable pour chaque substance active pesticide et métabolite pertinent,,,0.142,µg/L,Valeur recommandée par le HCSP en l'absence de Vmax ou VST,,,,Bromoxynil octanoate,,
IOXYOCT,1942,IOXYNIL OCTANOATE,Ioxynil octanoate,3861-47-0,pesticide,sub_active,,0.1,µg/L,Limite de qualité réglementaire valable pour chaque substance active pesticide et métabolite pertinent,,,0.142,µg/L,Valeur recommandée par le HCSP en l'absence de Vmax ou VST,,,,Ioxynil octanoate,,
DEA,1943,"2,6-DIETHYLANILINE","2,6-Diethylaniline",579-66-8,pesticide,metabolite,pertinent_par_defaut,0.1,µg/L,Limite de qualité réglementaire valable pour chaque substance active pesticide et métabolite pertinent,,,0.142,µg/L,Valeur recommandée par le HCSP en l'absence de Vmax ou VST,,,,"2,6-Diethylaniline",,
CMBA,1944,CMBA,CMBA,53250-83-2,pesticide,metabolite,pertinent_par_defaut,0.1,µg/L,Limite de qualité réglementaire valable pour chaque substance active pesticide et métabolite pertinent,,,0.142,µg/L,Valeur recommandée par le HCSP en l'absence de Vmax ou VST,,,,CMBA,,
ISOXAFL,1945,ISOXAFLUTOLE,Isoxaflutole,141112-29-0,pesticide,sub_active,,0.1,µg/L,Limite de qualité réglementaire valable pour chaque substance active pesticide et métabolite pertinent,,,60,µg/L,Vmax établie par l'Anses en 2017,,,,Isoxaflutole,,
PRETILA,1949,PRETILACHLORE,Pretilachlore,51218-49-6,pesticide,sub_active,,0.1,µg/L,Limite de qualité réglementaire valable pour chaque substance active pesticide et métabolite pertinent,,,0.142,µg/L,Valeur recommandée par le HCSP en l'absence de Vmax ou VST,,,,Pretilachlore,,
KRESOXI,1950,KRESOXIM-MÉTHYLE,Kresoxim-méthyle,143390-89-0,pesticide,sub_active,,0.1,µg/L,Limite de qualité réglementaire valable pour chaque substance active pesticide et métabolite pertinent,,,0.142,µg/L,Valeur recommandée par le HCSP en l'absence de Vmax ou VST,,,,Kresoxim-méthyle,,
AZOXYST,1951,AZOXYSTROBINE,Azoxystrobine,131860-33-8,pesticide,sub_active,,0.1,µg/L,Limite de qualité réglementaire valable pour chaque substance active pesticide et métabolite pertinent,,,400,µg/L,Vmax établie par l'Anses en 2020,,,,Azoxystrobine,Autorisé,
OXYFLUO,1952,OXYFLUORFENE,Oxyfluorfene,42874-03-03,pesticide,sub_active,,0.1,µg/L,Limite de qualité réglementaire valable pour chaque substance active pesticide et métabolite pertinent,,,0.142,µg/L,Valeur recommandée par le HCSP en l'absence de Vmax ou VST,,,,Oxyfluorfene,,
TEFLUTH,1953,TEFLUTHRINE,Tefluthrine,79538-32-2,pesticide,sub_active,,0.1,µg/L,Limite de qualité réglementaire valable pour chaque substance active pesticide et métabolite pertinent,,,0.142,µg/L,Valeur recommandée par le HCSP en l'absence de Vmax ou VST,,,,Tefluthrine,,
TBZH,1954,HYDROXYTERBUTHYLAZINE,Hydroxyterbuthylazine,66753-07-09,pesticide,metabolite,pertinent_par_defaut,0.1,µg/L,Limite de qualité réglementaire valable pour chaque substance active pesticide et métabolite pertinent,,,12,µg/L,Vmax établie par l'Anses en 2013,,,,Hydroxyterbuthylazine,,
ASULAME,1965,ASULAME,Asulame,3337-71-1,pesticide,sub_active,,0.1,µg/L,Limite de qualité réglementaire valable pour chaque substance active pesticide et métabolite pertinent,,,0.142,µg/L,Valeur recommandée par le HCSP en l'absence de Vmax ou VST,,,,Asulame,,
DITHIAN,1966,DITHIANON,Dithianon,3347-22-6,pesticide,sub_active,,0.1,µg/L,Limite de qualité réglementaire valable pour chaque substance active pesticide et métabolite pertinent,,,30,µg/L,Vmax établie par l'Anses en 2016,,,,Dithianon,,
FENOXY,1967,FENOXYCARBE,Fenoxycarbe,79127-80-3,pesticide,sub_active,,0.1,µg/L,Limite de qualité réglementaire valable pour chaque substance active pesticide et métabolite pertinent,,,0.142,µg/L,Valeur recommandée par le HCSP en l'absence de Vmax ou VST,,,,Fenoxycarbe,,
MEFENA,1968,MEFENACET,Mefenacet,73250-68-7,pesticide,sub_active,,0.1,µg/L,Limite de qualité réglementaire valable pour chaque substance active pesticide et métabolite pertinent,,,0.142,µg/L,Valeur recommandée par le HCSP en l'absence de Vmax ou VST,,,,Mefenacet,,
MEPIQUA,1969,MEPIQUAT,Mepiquat,15302-91-7,pesticide,sub_active,,0.1,µg/L,Limite de qualité réglementaire valable pour chaque substance active pesticide et métabolite pertinent,,,600,µg/L,Vmax établie par l'Anses en 2013,,,,Mepiquat,,
ACIFLUO,1970,ACIFLUORFEN,Acifluorfen,50594-66-6,pesticide,sub_active,,0.1,µg/L,Limite de qualité réglementaire valable pour chaque substance active pesticide et métabolite pertinent,,,0.142,µg/L,Valeur recommandée par le HCSP en l'absence de Vmax ou VST,,,,Acifluorfen,,
PHOSMET,1971,PHOSMET,Phosmet,0732-11-6,pesticide,sub_active,,0.1,µg/L,Limite de qualité réglementaire valable pour chaque substance active pesticide et métabolite pertinent,,,0.142,µg/L,Valeur recommandée par le HCSP en l'absence de Vmax ou VST,,,,Phosmet,,
PROPAQU,1972,PROPAQUIZAFOP,Propaquizafop,111479-05-1,pesticide,sub_active,,0.1,µg/L,Limite de qualité réglementaire valable pour chaque substance active pesticide et métabolite pertinent,,,0.142,µg/L,Valeur recommandée par le HCSP en l'absence de Vmax ou VST,,,,Propaquizafop,,
FENOXA,1973,FÉNOXAPROP-ÉTHYL,Fénoxaprop-éthyl,66441-23-4,pesticide,sub_active,,0.1,µg/L,Limite de qualité réglementaire valable pour chaque substance active pesticide et métabolite pertinent,,,0.142,µg/L,Valeur recommandée par le HCSP en l'absence de Vmax ou VST,,,,Fénoxaprop-éthyl,,
FLURIDO,1974,FLURIDONE,Fluridone,59756-60-4,pesticide,sub_active,,0.1,µg/L,Limite de qualité réglementaire valable pour chaque substance active pesticide et métabolite pertinent,,,0.142,µg/L,Valeur recommandée par le HCSP en l'absence de Vmax ou VST,,,,Fluridone,,
EFOSITE,1975,FOSETYL-ALUMINIUM,Fosetyl-aluminium,39148-24-8,pesticide,sub_active,,0.1,µg/L,Limite de qualité réglementaire valable pour chaque substance active pesticide et métabolite pertinent,,,9000,µg/L,Vmax établie par l'Anses en 2017,,,,Fosetyl-aluminium,Autorisé,
ISAZO,1976,ISAZOPHOS,Isazophos,42509-80-8,pesticide,sub_active,,0.1,µg/L,Limite de qualité réglementaire valable pour chaque substance active pesticide et métabolite pertinent,,,0.142,µg/L,Valeur recommandée par le HCSP en l'absence de Vmax ou VST,,,,Isazophos,,
ABAMECT,2007,ABAMECTIN,Abamectin,71751-41-2,pesticide,sub_active,,0.1,µg/L,Limite de qualité réglementaire valable pour chaque substance active pesticide et métabolite pertinent,,,0.142,µg/L,Valeur recommandée par le HCSP en l'absence de Vmax ou VST,,,,Abamectin,,
FLURTAM,2008,FLURTAMONE,Flurtamone,96525-23-4,pesticide,sub_active,,0.1,µg/L,Limite de qualité réglementaire valable pour chaque substance active pesticide et métabolite pertinent,,,0.142,µg/L,Valeur recommandée par le HCSP en l'absence de Vmax ou VST,,,,Flurtamone,,
FIPRO,2009,FIPRONIL,Fipronil,120068-37-3,pesticide,sub_active,,0.1,µg/L,Limite de qualité réglementaire valable pour chaque substance active pesticide et métabolite pertinent,,,0.142,µg/L,Valeur recommandée par le HCSP en l'absence de Vmax ou VST,,,,Fipronil,,
26DCB,2011,"2,6 DICHLOROBENZAMIDE","2,6 Dichlorobenzamide",2008-58-4,pesticide,metabolite,pertinent,0.1,µg/L,Limite de qualité réglementaire valable pour chaque substance active pesticide et métabolite pertinent,,,110,µg/L,Vmax établie par l'Anses en 2021,,,,"2,6 Dichlorobenzamide",Autorisé,métabolite du fluopicolide
AMIDOSU,2012,AMIDOSULFURON,Amidosulfuron,120923-37-7,pesticide,sub_active,,0.1,µg/L,Limite de qualité réglementaire valable pour chaque substance active pesticide et métabolite pertinent,,,600,µg/L,Vmax établie par l'Anses en 2013,,,,Amidosulfuron,,
AZACONA,2014,AZACONAZOLE,Azaconazole,60207-31-0,pesticide,sub_active,,0.1,µg/L,Limite de qualité réglementaire valable pour chaque substance active pesticide et métabolite pertinent,,,0.142,µg/L,Valeur recommandée par le HCSP en l'absence de Vmax ou VST,,,,Azaconazole,,
AZAMETI,2015,AZAMÉTIPHOS,Azamétiphos,35575-96-3,pesticide,sub_active,,0.1,µg/L,Limite de qualité réglementaire valable pour chaque substance active pesticide et métabolite pertinent,,,0.142,µg/L,Valeur recommandée par le HCSP en l'absence de Vmax ou VST,,,,Azamétiphos,,
CLBROMU,2016,CHLORBROMURON,Chlorbromuron,13360-45-7,pesticide,sub_active,,0.1,µg/L,Limite de qualité réglementaire valable pour chaque substance active pesticide et métabolite pertinent,,,0.142,µg/L,Valeur recommandée par le HCSP en l'absence de Vmax ou VST,,,,Chlorbromuron,,
CLOMAZO,2017,CLOMAZONE,Clomazone,81777-89-1,pesticide,sub_active,,0.1,µg/L,Limite de qualité réglementaire valable pour chaque substance active pesticide et métabolite pertinent,,,400,µg/L,Vmax établie par l'Anses en 2013,,,,Clomazone,Autorisé,
CLOQMEX,2018,CLOQUINTOCET-MEXYL,Cloquintocet-mexyl,99607-70-2,pesticide,sub_active,,0.1,µg/L,Limite de qualité réglementaire valable pour chaque substance active pesticide et métabolite pertinent,,,0.142,µg/L,Valeur recommandée par le HCSP en l'absence de Vmax ou VST,,,,Cloquintocet-mexyl,,
COUMATE,2019,COUMATÉTRALYL,Coumatétralyl,5836-29-3,pesticide,sub_active,,0.1,µg/L,Limite de qualité réglementaire valable pour chaque substance active pesticide et métabolite pertinent,,,0.142,µg/L,Valeur recommandée par le HCSP en l'absence de Vmax ou VST,,,,Coumatétralyl,,
FAMOXAD,2020,FAMOXADONE,Famoxadone,131807-57-3,pesticide,sub_active,,0.1,µg/L,Limite de qualité réglementaire valable pour chaque substance active pesticide et métabolite pertinent,,,0.142,µg/L,Valeur recommandée par le HCSP en l'absence de Vmax ou VST,,,,Famoxadone,,
FLUDIOX,2022,FLUDIOXONIL,Fludioxonil,131341-86-1,pesticide,sub_active,,0.1,µg/L,Limite de qualité réglementaire valable pour chaque substance active pesticide et métabolite pertinent,,,0.142,µg/L,Valeur recommandée par le HCSP en l'absence de Vmax ou VST,,,,Fludioxonil,,
FLUMIOX,2023,FLUMIOXAZINE,Flumioxazine,103361-09-7,pesticide,sub_active,,0.1,µg/L,Limite de qualité réglementaire valable pour chaque substance active pesticide et métabolite pertinent,,,0.142,µg/L,Valeur recommandée par le HCSP en l'absence de Vmax ou VST,,,,Flumioxazine,,
FLURPRI,2024,FLURPRIMIDOL,Flurprimidol,56425-91-3,pesticide,sub_active,,0.1,µg/L,Limite de qualité réglementaire valable pour chaque substance active pesticide et métabolite pertinent,,,0.142,µg/L,Valeur recommandée par le HCSP en l'absence de Vmax ou VST,,,,Flurprimidol,,
IODOFEN,2025,IODOFENPHOS,Iodofenphos,18181-70-9,pesticide,sub_active,,0.1,µg/L,Limite de qualité réglementaire valable pour chaque substance active pesticide et métabolite pertinent,,,0.142,µg/L,Valeur recommandée par le HCSP en l'absence de Vmax ou VST,,,,Iodofenphos,,
LUFENUR,2026,LUFÉNURON,Lufénuron,103055-07-8,pesticide,sub_active,,0.1,µg/L,Limite de qualité réglementaire valable pour chaque substance active pesticide et métabolite pertinent,,,0.142,µg/L,Valeur recommandée par le HCSP en l'absence de Vmax ou VST,,,,Lufénuron,,
OFURACE,2027,OFURACE,Ofurace,58810-48-3,pesticide,sub_active,,0.1,µg/L,Limite de qualité réglementaire valable pour chaque substance active pesticide et métabolite pertinent,,,0.142,µg/L,Valeur recommandée par le HCSP en l'absence de Vmax ou VST,,,,Ofurace,,
QUINOXY,2028,QUINOXYFEN,Quinoxyfen,124495-18-7,pesticide,sub_active,,0.1,µg/L,Limite de qualité réglementaire valable pour chaque substance active pesticide et métabolite pertinent,,,0.142,µg/L,Valeur recommandée par le HCSP en l'absence de Vmax ou VST,,,,Quinoxyfen,,
ROTENON,2029,ROTÉNONE,Roténone,83-79-4,pesticide,sub_active,,0.1,µg/L,Limite de qualité réglementaire valable pour chaque substance active pesticide et métabolite pertinent,,,0.142,µg/L,Valeur recommandée par le HCSP en l'absence de Vmax ou VST,,,,Roténone,,
TBZDES,2045,TERBUTHYLAZIN DÉSÉTHYL,Terbuthylazin déséthyl,30125-63-4,pesticide,metabolite,pertinent_par_defaut,0.1,µg/L,Limite de qualité réglementaire valable pour chaque substance active pesticide et métabolite pertinent,,,12,µg/L,Vmax établie par l'Anses en 2008,,,,Terbuthylazin déséthyl,Autorisé,
HCHE,2046,HCH EPSILON,HCH epsilon,07/10/6108,pesticide,sub_active,,0.1,µg/L,Limite de qualité réglementaire valable pour chaque substance active pesticide et métabolite pertinent,,,0.142,µg/L,Valeur recommandée par le HCSP en l'absence de Vmax ou VST,,,,HCH epsilon,,
HALOX,2047,HALOXYFOP,Haloxyfop,69806-34-4,pesticide,sub_active,,0.1,µg/L,Limite de qualité réglementaire valable pour chaque substance active pesticide et métabolite pertinent,,,0.142,µg/L,Valeur recommandée par le HCSP en l'absence de Vmax ou VST,,,,Haloxyfop,,
TERBMDE,2051,TERBUMÉTON-DÉSETHYL,Terbuméton-désethyl,30125-64-5,pesticide,metabolite,pertinent,0.1,µg/L,Limite de qualité réglementaire valable pour chaque substance active pesticide et métabolite pertinent,,,0.142,µg/L,Valeur recommandée par le HCSP en l'absence de Vmax ou VST. L'Anses n'a pas pu établir de Vmax en 2021,,,,Terbuméton-désethyl,Interdit,
FLUQUIN,2056,FLUQUINCONAZOLE,Fluquinconazole,136426-54-5,pesticide,sub_active,,0.1,µg/L,Limite de qualité réglementaire valable pour chaque substance active pesticide et métabolite pertinent,,,0.142,µg/L,Valeur recommandée par le HCSP en l'absence de Vmax ou VST,,,,Fluquinconazole,,
FENAMID,2057,FÉNAMIDONE,Fénamidone,161326-34-7,pesticide,sub_active,,0.1,µg/L,Limite de qualité réglementaire valable pour chaque substance active pesticide et métabolite pertinent,,,90,µg/L,Vmax établie par l'Anses en 2013,,,,Fénamidone,,
PHNTN,2061,PHENOTHRINE,Phenothrine,26002-80-2,pesticide,sub_active,,0.1,µg/L,Limite de qualité réglementaire valable pour chaque substance active pesticide et métabolite pertinent,,,0.142,µg/L,Valeur recommandée par le HCSP en l'absence de Vmax ou VST,,,,Phenothrine,,
PYRETHR,2062,PYRÉTHRINE,Pyréthrine,8003-34-7,pesticide,sub_active,,0.1,µg/L,Limite de qualité réglementaire valable pour chaque substance active pesticide et métabolite pertinent,,,0.142,µg/L,Valeur recommandée par le HCSP en l'absence de Vmax ou VST,,,,Pyréthrine,,
TRBNURO,2064,TRIBENURON-MÉTHYLE,Tribenuron-méthyle,101200-48-0,pesticide,sub_active,,0.1,µg/L,Limite de qualité réglementaire valable pour chaque substance active pesticide et métabolite pertinent,,,30,µg/L,Vmax établie par l'Anses en 2017,,,,Tribenuron-méthyle,,
OXDG,2068,OXADIARGYL,Oxadiargyl,39807-15-3,pesticide,sub_active,,0.1,µg/L,Limite de qualité réglementaire valable pour chaque substance active pesticide et métabolite pertinent,,,0.142,µg/L,Valeur recommandée par le HCSP en l'absence de Vmax ou VST,,,,Oxadiargyl,,
QUIZO,2069,QUIZALOFOP,Quizalofop,76578-12-6,pesticide,sub_active,,0.1,µg/L,Limite de qualité réglementaire valable pour chaque substance active pesticide et métabolite pertinent,,,0.142,µg/L,Valeur recommandée par le HCSP en l'absence de Vmax ou VST,,,,Quizalofop,,
QUIZOET,2070,QUIZALOFOP ÉTHYLE,Quizalofop éthyle,76578-14-8,pesticide,sub_active,,0.1,µg/L,Limite de qualité réglementaire valable pour chaque substance active pesticide et métabolite pertinent,,,0.142,µg/L,Valeur recommandée par le HCSP en l'absence de Vmax ou VST,,,,Quizalofop éthyle,,
TMT,2071,THIOMÉTON,Thiométon,640-15-3,pesticide,sub_active,,0.1,µg/L,Limite de qualité réglementaire valable pour chaque substance active pesticide et métabolite pertinent,,,0.142,µg/L,Valeur recommandée par le HCSP en l'absence de Vmax ou VST,,,,Thiométon,,
BENOXA,2074,BENOXACOR,Benoxacor,98730-04-02,pesticide,sub_active,,0.1,µg/L,Limite de qualité réglementaire valable pour chaque substance active pesticide et métabolite pertinent,,,0.142,µg/L,Valeur recommandée par le HCSP en l'absence de Vmax ou VST,,,,Benoxacor,,
FOMESAF,2075,FOMESAFEN,Fomesafen,72178-02-0,pesticide,sub_active,,0.1,µg/L,Limite de qualité réglementaire valable pour chaque substance active pesticide et métabolite pertinent,,,7.5,µg/L,Vmax établie par l'Anses en 2013,,,,Fomesafen,,
MESOTRI,2076,MÉSOTRIONE,Mésotrione,104206-82-8,pesticide,sub_active,,0.1,µg/L,Limite de qualité réglementaire valable pour chaque substance active pesticide et métabolite pertinent,,,22,µg/L,Vmax établie par l'Anses en 2020,,,,Mésotrione,,
SULFOSA,2077,SULFOSATE,Sulfosate,81591-81-3,pesticide,sub_active,,0.1,µg/L,Limite de qualité réglementaire valable pour chaque substance active pesticide et métabolite pertinent,,,0.142,µg/L,Valeur recommandée par le HCSP en l'absence de Vmax ou VST,,,,Sulfosate,,
FENBUOX,2078,FENBUTATIN OXYDE,Fenbutatin oxyde,13356-08-06,pesticide,sub_active,,0.1,µg/L,Limite de qualité réglementaire valable pour chaque substance active pesticide et métabolite pertinent,,,0.142,µg/L,Valeur recommandée par le HCSP en l'absence de Vmax ou VST,,,,Fenbutatin oxyde,,
MCPPP,2084,MÉCOPROP-P,Mécoprop-p,16484-77-8,pesticide,sub_active,,0.1,µg/L,Limite de qualité réglementaire valable pour chaque substance active pesticide et métabolite pertinent,,,0.142,µg/L,Valeur recommandée par le HCSP en l'absence de Vmax ou VST,,,,Mécoprop-p,,
SULFRN,2085,SULFOSULFURON,Sulfosulfuron,141776-32-1,pesticide,sub_active,,0.1,µg/L,Limite de qualité réglementaire valable pour chaque substance active pesticide et métabolite pertinent,,,0.142,µg/L,Valeur recommandée par le HCSP en l'absence de Vmax ou VST,,,,Sulfosulfuron,,
QUINMR,2087,QUIMERAC,Quimerac,90717-03-06,pesticide,sub_active,,0.1,µg/L,Limite de qualité réglementaire valable pour chaque substance active pesticide et métabolite pertinent,,,240,µg/L,Vmax établie par l'Anses en 2013,,,,Quimerac,Autorisé,
MEPIQU1,2089,MEPIQUAT CHLORURE (UTILISER MEPIQUA,Mepiquat chlorure (utiliser MEPIQUA),24307-26-4,pesticide,sub_active,,0.1,µg/L,Limite de qualité réglementaire valable pour chaque substance active pesticide et métabolite pertinent,,,0.142,µg/L,Valeur recommandée par le HCSP en l'absence de Vmax ou VST,,,,Mepiquat chlorure (utiliser MEPIQUA),,
IMAZAPY,2090,IMAZAPYR,Imazapyr,81334-34-1,pesticide,sub_active,,0.1,µg/L,Limite de qualité réglementaire valable pour chaque substance active pesticide et métabolite pertinent,,,0.142,µg/L,Valeur recommandée par le HCSP en l'absence de Vmax ou VST,,,,Imazapyr,,
ETHPH,2093,ETHEPHON,Ethephon,16672-87-0,pesticide,sub_active,,0.1,µg/L,Limite de qualité réglementaire valable pour chaque substance active pesticide et métabolite pertinent,,,0.142,µg/L,Valeur recommandée par le HCSP en l'absence de Vmax ou VST,,,,Ethephon,Autorisé,
CLODINA,2095,CLODINAFOP-PROPARGYL,Clodinafop-propargyl,105512-06-9,pesticide,sub_active,,0.1,µg/L,Limite de qualité réglementaire valable pour chaque substance active pesticide et métabolite pertinent,,,0.142,µg/L,Valeur recommandée par le HCSP en l'absence de Vmax ou VST,,,,Clodinafop-propargyl,,
TRINEXA,2096,TRINÉXAPAC-ÉTHYL,Trinéxapac-éthyl,95266-40-3,pesticide,sub_active,,0.1,µg/L,Limite de qualité réglementaire valable pour chaque substance active pesticide et métabolite pertinent,,,0.142,µg/L,Valeur recommandée par le HCSP en l'absence de Vmax ou VST,,,,Trinéxapac-éthyl,,
CHLOMEQ,2097,CHLOROMÉQUAT CHLORURE (UTILISER CLM,Chloroméquat chlorure (utiliser CLMQ),999-81-5,pesticide,sub_active,,0.1,µg/L,Limite de qualité réglementaire valable pour chaque substance active pesticide et métabolite pertinent,,,68,µg/L,Vmax établie par l'Anses en 2020,,,,Chloroméquat chlorure (utiliser CLMQ),,
PROSULF,2534,PROSULFURON,Prosulfuron,94125-34-5,pesticide,sub_active,,0.1,µg/L,Limite de qualité réglementaire valable pour chaque substance active pesticide et métabolite pertinent,,,60,µg/L,Vmax établie par l'Anses en 2013,,,,Prosulfuron,,
DCPP,2544,DICHLORPROP-P,Dichlorprop-P,15165-67-0,pesticide,sub_active,,0.1,µg/L,Limite de qualité réglementaire valable pour chaque substance active pesticide et métabolite pertinent,,,0.142,µg/L,Valeur recommandée par le HCSP en l'absence de Vmax ou VST,,,,Dichlorprop-P,,
PACLOBU,2545,PACLOBUTRAZOLE,Paclobutrazole,76738-62-0,pesticide,sub_active,,0.1,µg/L,Limite de qualité réglementaire valable pour chaque substance active pesticide et métabolite pertinent,,,0.142,µg/L,Valeur recommandée par le HCSP en l'absence de Vmax ou VST,,,,Paclobutrazole,,
DIMETAC,2546,DIMÉTACHLORE,Dimétachlore,50563-36-5,pesticide,sub_active,,0.1,µg/L,Limite de qualité réglementaire valable pour chaque substance active pesticide et métabolite pertinent,,,220,µg/L,Vmax établie par l'Anses en 2026,,,,Dimétachlore,Autorisé,
FPYRM,2547,FLUROXYPIR-MEPTYL,Fluroxypir-meptyl,81406-37-3,pesticide,sub_active,,0.1,µg/L,Limite de qualité réglementaire valable pour chaque substance active pesticide et métabolite pertinent,,,2400,µg/L,Vmax établie par l'Anses en 2013,,,,Fluroxypir-meptyl,,
FLUPYR,2565,FLUPYRSULFURON-MÉTHYLE,Flupyrsulfuron-méthyle,144740-54-5,pesticide,sub_active,,0.1,µg/L,Limite de qualité réglementaire valable pour chaque substance active pesticide et métabolite pertinent,,,0.142,µg/L,Valeur recommandée par le HCSP en l'absence de Vmax ou VST,,,,Flupyrsulfuron-méthyle,,
FURATHI,2567,FURATHIOCARBE,Furathiocarbe,65907-30-4,pesticide,sub_active,,0.1,µg/L,Limite de qualité réglementaire valable pour chaque substance active pesticide et métabolite pertinent,,,0.142,µg/L,Valeur recommandée par le HCSP en l'absence de Vmax ou VST,,,,Furathiocarbe,,
MEFLUID,2568,MÉFLUIDIDE,Méfluidide,53780-34-0,pesticide,sub_active,,0.1,µg/L,Limite de qualité réglementaire valable pour chaque substance active pesticide et métabolite pertinent,,,0.142,µg/L,Valeur recommandée par le HCSP en l'absence de Vmax ou VST,,,,Méfluidide,,
PYRAC,2576,PYRACLOSTROBINE,Pyraclostrobine,175013-18-0,pesticide,sub_active,,0.1,µg/L,Limite de qualité réglementaire valable pour chaque substance active pesticide et métabolite pertinent,,,0.142,µg/L,Valeur recommandée par le HCSP en l'absence de Vmax ou VST,,,,Pyraclostrobine,,
MESOSUL,2578,MÉSOSULFURON-MÉTHYL,Mésosulfuron-méthyl,208465-21-8,pesticide,sub_active,,0.1,µg/L,Limite de qualité réglementaire valable pour chaque substance active pesticide et métabolite pertinent,,,3000,µg/L,Vmax établie par l'Anses en 2017,,,,Mésosulfuron-méthyl,,
SPIROX,2664,SPIROXAMINE,Spiroxamine,118134-30-8,pesticide,sub_active,,0.1,µg/L,Limite de qualité réglementaire valable pour chaque substance active pesticide et métabolite pertinent,,,0.142,µg/L,Valeur recommandée par le HCSP en l'absence de Vmax ou VST,,,,Spiroxamine,,
PICOX,2669,PICOXYSTROBINE,Picoxystrobine,117428-22-5,pesticide,sub_active,,0.1,µg/L,Limite de qualité réglementaire valable pour chaque substance active pesticide et métabolite pertinent,,,0.142,µg/L,Valeur recommandée par le HCSP en l'absence de Vmax ou VST,,,,Picoxystrobine,,
TRIFLX,2678,TRIFLOXYSTROBINE,Trifloxystrobine,141517-21-7,pesticide,sub_active,,0.1,µg/L,Limite de qualité réglementaire valable pour chaque substance active pesticide et métabolite pertinent,,,0.142,µg/L,Valeur recommandée par le HCSP en l'absence de Vmax ou VST,,,,Trifloxystrobine,,
MITC,2722,MÉTHYL ISOTHIOCYANATE,Méthyl isothiocyanate,556-61-6,pesticide,sub_active,,0.1,µg/L,Limite de qualité réglementaire valable pour chaque substance active pesticide et métabolite pertinent,,,0.142,µg/L,Valeur recommandée par le HCSP en l'absence de Vmax ou VST,,,,Méthyl isothiocyanate,Interdit,
CYCLOXY,2729,CYCLOXYDIME,Cycloxydime,101205-02-1,pesticide,sub_active,,0.1,µg/L,Limite de qualité réglementaire valable pour chaque substance active pesticide et métabolite pertinent,,,0.142,µg/L,Valeur recommandée par le HCSP en l'absence de Vmax ou VST,,,,Cycloxydime,,
GFSTNH3,2731,GLUFOSINATE-AMMONIUM,Glufosinate-ammonium,77182-82-2,pesticide,sub_active,,0.1,µg/L,Limite de qualité réglementaire valable pour chaque substance active pesticide et métabolite pertinent,,,13,µg/L,Vmax établie par l'Anses en 2020,,,,Glufosinate-ammonium,,
NORFLDM,2737,DESMETHYLNORFLURAZON,Desmethylnorflurazon,23576-24-1,pesticide,metabolite,pertinent_par_defaut,0.1,µg/L,Limite de qualité réglementaire valable pour chaque substance active pesticide et métabolite pertinent,,,45,µg/L,Vmax établie par l'Anses en 2013,,,,Desmethylnorflurazon,,
IPPMU,2738,DESMÉTHYLISOPROTURON,Desméthylisoproturon,34123-57-4,pesticide,metabolite,pertinent_par_defaut,0.1,µg/L,Limite de qualité réglementaire valable pour chaque substance active pesticide et métabolite pertinent,,,0.142,µg/L,Valeur recommandée par le HCSP en l'absence de Vmax ou VST,,,,Desméthylisoproturon,,
FENAZAQ,2742,FÉNAZAQUIN,Fénazaquin,120928-09-8,pesticide,sub_active,,0.1,µg/L,Limite de qualité réglementaire valable pour chaque substance active pesticide et métabolite pertinent,,,0.142,µg/L,Valeur recommandée par le HCSP en l'absence de Vmax ou VST,,,,Fénazaquin,,
FENHEXA,2743,FENHEXAMID,Fenhexamid,126833-17-8,pesticide,sub_active,,0.1,µg/L,Limite de qualité réglementaire valable pour chaque substance active pesticide et métabolite pertinent,,,0.142,µg/L,Valeur recommandée par le HCSP en l'absence de Vmax ou VST,,,,Fenhexamid,,
FOSTHIA,2744,FOSTHIAZATE,Fosthiazate,98886-44-3,pesticide,sub_active,,0.1,µg/L,Limite de qualité réglementaire valable pour chaque substance active pesticide et métabolite pertinent,,,0.142,µg/L,Valeur recommandée par le HCSP en l'absence de Vmax ou VST,,,,Fosthiazate,,
MCPA1B,2745,MCPA-1-BUTYL ESTER,MCPA-1-butyl ester,1713-12-8,pesticide,sub_active,,0.1,µg/L,Limite de qualité réglementaire valable pour chaque substance active pesticide et métabolite pertinent,,,0.142,µg/L,Valeur recommandée par le HCSP en l'absence de Vmax ou VST,,,,MCPA-1-butyl ester,,
MCPA2EH,2746,MCPA-2-ETHYLHEXYL,MCPA-2-ethylhexyl,29450-45-1,pesticide,sub_active,,0.1,µg/L,Limite de qualité réglementaire valable pour chaque substance active pesticide et métabolite pertinent,,,0.142,µg/L,Valeur recommandée par le HCSP en l'absence de Vmax ou VST,,,,MCPA-2-ethylhexyl,,
MCPABU,2747,MCPA-BUTOTYL,MCPA-butotyl,19480-43-4,pesticide,sub_active,,0.1,µg/L,Limite de qualité réglementaire valable pour chaque substance active pesticide et métabolite pertinent,,,0.142,µg/L,Valeur recommandée par le HCSP en l'absence de Vmax ou VST,,,,MCPA-butotyl,,
MCPA2E,2748,MCPA-ETHYL ESTER,MCPA-ethyl ester,2698-38-6,pesticide,sub_active,,0.1,µg/L,Limite de qualité réglementaire valable pour chaque substance active pesticide et métabolite pertinent,,,0.142,µg/L,Valeur recommandée par le HCSP en l'absence de Vmax ou VST,,,,MCPA-ethyl ester,,
MCPAME,2749,MCPA-METHYL ESTER,MCPA-methyl ester,2436-73-9,pesticide,sub_active,,0.1,µg/L,Limite de qualité réglementaire valable pour chaque substance active pesticide et métabolite pertinent,,,0.142,µg/L,Valeur recommandée par le HCSP en l'absence de Vmax ou VST,,,,MCPA-methyl ester,,
MCPO,2750,MECOPROP-1-OCTYL ESTER,Mecoprop-1-octyl ester,161922-37-8,pesticide,sub_active,,0.1,µg/L,Limite de qualité réglementaire valable pour chaque substance active pesticide et métabolite pertinent,,,0.142,µg/L,Valeur recommandée par le HCSP en l'absence de Vmax ou VST,,,,Mecoprop-1-octyl ester,,
MCP244,2751,"MCPP-2,4,4-TRIMETHYLPENTYL ESTER","MCPP-2,4,4-trimethylpentyl ester",217487-13-3,pesticide,sub_active,,0.1,µg/L,Limite de qualité réglementaire valable pour chaque substance active pesticide et métabolite pertinent,,,0.142,µg/L,Valeur recommandée par le HCSP en l'absence de Vmax ou VST,,,,"MCPP-2,4,4-trimethylpentyl ester",,
MCP2BE,2752,MCPP-2-BUTOXYETHYL ESTER,MCPP-2-butoxyethyl ester,23359-62-8,pesticide,sub_active,,0.1,µg/L,Limite de qualité réglementaire valable pour chaque substance active pesticide et métabolite pertinent,,,0.142,µg/L,Valeur recommandée par le HCSP en l'absence de Vmax ou VST,,,,MCPP-2-butoxyethyl ester,,
MCP2EE,2753,MCPP- 2-ETHYLHEXYL ESTER,MCPP- 2-ethylhexyl ester,71526-69-7,pesticide,sub_active,,0.1,µg/L,Limite de qualité réglementaire valable pour chaque substance active pesticide et métabolite pertinent,,,0.142,µg/L,Valeur recommandée par le HCSP en l'absence de Vmax ou VST,,,,MCPP- 2-ethylhexyl ester,,
MCP2OE,2754,MCPP-2 OTYL ESTER,MCPP-2 otyl ester,28473-03-02,pesticide,sub_active,,0.1,µg/L,Limite de qualité réglementaire valable pour chaque substance active pesticide et métabolite pertinent,,,0.142,µg/L,Valeur recommandée par le HCSP en l'absence de Vmax ou VST,,,,MCPP-2 otyl ester,,
MCPME,2755,MCPP-METHYL ESTER,MCPP-methyl ester,2786-19-8,pesticide,sub_active,,0.1,µg/L,Limite de qualité réglementaire valable pour chaque substance active pesticide et métabolite pertinent,,,0.142,µg/L,Valeur recommandée par le HCSP en l'absence de Vmax ou VST,,,,MCPP-methyl ester,,
FORASUL,2806,FORAMSULFURON,Foramsulfuron,173159-57-4,pesticide,sub_active,,0.1,µg/L,Limite de qualité réglementaire valable pour chaque substance active pesticide et métabolite pertinent,,,0.142,µg/L,Valeur recommandée par le HCSP en l'absence de Vmax ou VST,,,,Foramsulfuron,,
ISOXADI,2807,ISOXADIFEN-ÉTHYLE,Isoxadifen-éthyle,163520-33-0,pesticide,sub_active,,0.1,µg/L,Limite de qualité réglementaire valable pour chaque substance active pesticide et métabolite pertinent,,,0.142,µg/L,Valeur recommandée par le HCSP en l'absence de Vmax ou VST,,,,Isoxadifen-éthyle,,
FLORAS,2810,FLORASULAM,Florasulam,145701-23-1,pesticide,sub_active,,0.1,µg/L,Limite de qualité réglementaire valable pour chaque substance active pesticide et métabolite pertinent,,,0.142,µg/L,Valeur recommandée par le HCSP en l'absence de Vmax ou VST,,,,Florasulam,,
IPPU,2847,1-(4-ISOPROPYLPHENYL)-URÉE,1-(4-isopropylphenyl)-urée,56046-17-4,pesticide,metabolite,pertinent_par_defaut,0.1,µg/L,Limite de qualité réglementaire valable pour chaque substance active pesticide et métabolite pertinent,,,0.142,µg/L,Valeur recommandée par le HCSP en l'absence de Vmax ou VST,,,,1-(4-isopropylphenyl)-urée,,
ZOXAMID,2858,ZOXAMIDE,Zoxamide,156052-68-5,pesticide,sub_active,,0.1,µg/L,Limite de qualité réglementaire valable pour chaque substance active pesticide et métabolite pertinent,,,0.142,µg/L,Valeur recommandée par le HCSP en l'absence de Vmax ou VST,,,,Zoxamide,,
RESM,2859,RESMETHRINE,Resmethrine,10453-86-8,pesticide,sub_active,,0.1,µg/L,Limite de qualité réglementaire valable pour chaque substance active pesticide et métabolite pertinent,,,0.142,µg/L,Valeur recommandée par le HCSP en l'absence de Vmax ou VST,,,,Resmethrine,,
IMAZAQU,2860,IMAZAQUINE,Imazaquine,81335-37-7,pesticide,sub_active,,0.1,µg/L,Limite de qualité réglementaire valable pour chaque substance active pesticide et métabolite pertinent,,,0.142,µg/L,Valeur recommandée par le HCSP en l'absence de Vmax ou VST,,,,Imazaquine,,
MCPNIB,2870,MECOPROP-N/ISO-BUTYL ESTER (MÉLANGE),Mecoprop-n/iso-butyl ester (mélange),,pesticide,sub_active,,0.1,µg/L,Limite de qualité réglementaire valable pour chaque substance active pesticide et métabolite pertinent,,,0.142,µg/L,Valeur recommandée par le HCSP en l'absence de Vmax ou VST,,,,Mecoprop-n/iso-butyl ester (mélange),,
IOXYM,2871,IOXYNIL-MÉTHYL,Ioxynil-méthyl,3336-40-1,pesticide,sub_active,,0.1,µg/L,Limite de qualité réglementaire valable pour chaque substance active pesticide et métabolite pertinent,,,0.142,µg/L,Valeur recommandée par le HCSP en l'absence de Vmax ou VST,,,,Ioxynil-méthyl,,
24DIE,2872,"2,4-D-ISOPROPYL ESTER","2,4-D-isopropyl ester",94-11-1,pesticide,sub_active,,0.1,µg/L,Limite de qualité réglementaire valable pour chaque substance active pesticide et métabolite pertinent,,,0.142,µg/L,Valeur recommandée par le HCSP en l'absence de Vmax ou VST,,,,"2,4-D-isopropyl ester",,
24DME,2873,"2,4-D-METHYL ESTER","2,4-D-methyl ester",1928-38-7,pesticide,sub_active,,0.1,µg/L,Limite de qualité réglementaire valable pour chaque substance active pesticide et métabolite pertinent,,,0.142,µg/L,Valeur recommandée par le HCSP en l'absence de Vmax ou VST,,,,"2,4-D-methyl ester",,
CYROMAZ,2897,CYROMAZINE,Cyromazine,66215-27-8,pesticide,sub_active,,0.1,µg/L,Limite de qualité réglementaire valable pour chaque substance active pesticide et métabolite pertinent,,,0.142,µg/L,Valeur recommandée par le HCSP en l'absence de Vmax ou VST,,,,Cyromazine,,
TRCYCLA,2898,TRICYCLAZOLE,Tricyclazole,41814-78-2,pesticide,sub_active,,0.1,µg/L,Limite de qualité réglementaire valable pour chaque substance active pesticide et métabolite pertinent,,,0.142,µg/L,Valeur recommandée par le HCSP en l'absence de Vmax ou VST,,,,Tricyclazole,,
BENFURA,2924,BENFURACARBE,Benfuracarbe,82560-54-1,pesticide,sub_active,,0.1,µg/L,Limite de qualité réglementaire valable pour chaque substance active pesticide et métabolite pertinent,,,0.142,µg/L,Valeur recommandée par le HCSP en l'absence de Vmax ou VST,,,,Benfuracarbe,,
DCLORMI,2929,DICHLORMIDE,Dichlormide,37764-25-3,pesticide,sub_active,,0.1,µg/L,Limite de qualité réglementaire valable pour chaque substance active pesticide et métabolite pertinent,,,0.142,µg/L,Valeur recommandée par le HCSP en l'absence de Vmax ou VST,,,,Dichlormide,,
MEFENPD,2930,MEFENPYR DIETHYL,Mefenpyr diethyl,135590-91-9,pesticide,sub_active,,0.1,µg/L,Limite de qualité réglementaire valable pour chaque substance active pesticide et métabolite pertinent,,,0.142,µg/L,Valeur recommandée par le HCSP en l'absence de Vmax ou VST,,,,Mefenpyr diethyl,,
BENZENA,2932,2-ETHYL-6-METHYLANILINE,2-ethyl-6-methylaniline,24549-06-02,pesticide,metabolite,pertinent_par_defaut,0.1,µg/L,Limite de qualité réglementaire valable pour chaque substance active pesticide et métabolite pertinent,,,0.142,µg/L,Valeur recommandée par le HCSP en l'absence de Vmax ou VST,,,,2-ethyl-6-methylaniline,,
DODINE,2933,DODINE,Dodine,03/10/2439,pesticide,sub_active,,0.1,µg/L,Limite de qualité réglementaire valable pour chaque substance active pesticide et métabolite pertinent,,,0.142,µg/L,Valeur recommandée par le HCSP en l'absence de Vmax ou VST,,,,Dodine,,
AZIMSUL,2937,AZIMSULFURON,Azimsulfuron,120162-55-2,pesticide,sub_active,,0.1,µg/L,Limite de qualité réglementaire valable pour chaque substance active pesticide et métabolite pertinent,,,0.142,µg/L,Valeur recommandée par le HCSP en l'absence de Vmax ou VST,,,,Azimsulfuron,,
CINIDON,2938,CINIDON-ETHYL,Cinidon-ethyl,142891-20-1,pesticide,sub_active,,0.1,µg/L,Limite de qualité réglementaire valable pour chaque substance active pesticide et métabolite pertinent,,,0.142,µg/L,Valeur recommandée par le HCSP en l'absence de Vmax ou VST,,,,Cinidon-ethyl,,
ENDRAL,2941,ENDRINE ALDÉHYDE,Endrine aldéhyde,7421-93-4,pesticide,metabolite,pertinent_par_defaut,0.1,µg/L,Limite de qualité réglementaire valable pour chaque substance active pesticide et métabolite pertinent,,,0.142,µg/L,Valeur recommandée par le HCSP en l'absence de Vmax ou VST,,,,Endrine aldéhyde,,
3KETCA,2942,3-KETOCARBOFURAN,3-Ketocarbofuran,16709-30-1,pesticide,metabolite,pertinent_par_defaut,0.1,µg/L,Limite de qualité réglementaire valable pour chaque substance active pesticide et métabolite pertinent,,,0.142,µg/L,Valeur recommandée par le HCSP en l'absence de Vmax ou VST,,,,3-Ketocarbofuran,,
CHLFLUA,2950,CHLORFLUAZURON,Chlorfluazuron,71422-67-8,pesticide,sub_active,,0.1,µg/L,Limite de qualité réglementaire valable pour chaque substance active pesticide et métabolite pertinent,,,0.142,µg/L,Valeur recommandée par le HCSP en l'absence de Vmax ou VST,,,,Chlorfluazuron,,
IPROVAL,2951,IPROVALICARB,Iprovalicarb,140923-17-7,pesticide,sub_active,,0.1,µg/L,Limite de qualité réglementaire valable pour chaque substance active pesticide et métabolite pertinent,,,0.142,µg/L,Valeur recommandée par le HCSP en l'absence de Vmax ou VST,,,,Iprovalicarb,,
DCPADH,2966,CHLORTHAL-DIMÉTHYL,Chlorthal-diméthyl,1861-32-1,pesticide,sub_active,,0.1,µg/L,Limite de qualité réglementaire valable pour chaque substance active pesticide et métabolite pertinent,,,0.142,µg/L,Valeur recommandée par le HCSP en l'absence de Vmax ou VST,,,,Chlorthal-diméthyl,,
COUMAF,2972,COUMAFÈNE,Coumafène,81-81-2,pesticide,sub_active,,0.1,µg/L,Limite de qualité réglementaire valable pour chaque substance active pesticide et métabolite pertinent,,,0.142,µg/L,Valeur recommandée par le HCSP en l'absence de Vmax ou VST,,,,Coumafène,,
SMETOLA,2974,S-MÉTOLACHLORE,S-Métolachlore,87392-12-9,pesticide,sub_active,,0.1,µg/L,Limite de qualité réglementaire valable pour chaque substance active pesticide et métabolite pertinent,,,10,µg/L,Vmax établie par l'Anses en 2017,,,,S-Métolachlore,Interdit,
CARBOX,2975,CARBOXINE,Carboxine,5234-68-4,pesticide,sub_active,,0.1,µg/L,Limite de qualité réglementaire valable pour chaque substance active pesticide et métabolite pertinent,,,0.142,µg/L,Valeur recommandée par le HCSP en l'absence de Vmax ou VST,,,,Carboxine,,
CARFENE,2976,CARFENTRAZONE ÉTHYLE,Carfentrazone éthyle,128639-02-1,pesticide,sub_active,,0.1,µg/L,Limite de qualité réglementaire valable pour chaque substance active pesticide et métabolite pertinent,,,0.142,µg/L,Valeur recommandée par le HCSP en l'absence de Vmax ou VST,,,,Carfentrazone éthyle,,
CCHOLIN,2977,CHLORURE DE CHOLINE,Chlorure de choline,67-48-1,pesticide,sub_active,,0.1,µg/L,Limite de qualité réglementaire valable pour chaque substance active pesticide et métabolite pertinent,,,0.142,µg/L,Valeur recommandée par le HCSP en l'absence de Vmax ou VST. L'Anses n'a pas pu établir de valeur sanitaire en 2021,,,,Chlorure de choline,,
CLETHO,2978,CLETHODIME,Clethodime,99129-21-2,pesticide,sub_active,,0.1,µg/L,Limite de qualité réglementaire valable pour chaque substance active pesticide et métabolite pertinent,,,355,µg/L,Vmax établie par l'Anses en 2020,,,,Clethodime,,
DEHAME,2980,DESMEDIPHAME,Desmediphame,13684-56-5,pesticide,sub_active,,0.1,µg/L,Limite de qualité réglementaire valable pour chaque substance active pesticide et métabolite pertinent,,,0.142,µg/L,Valeur recommandée par le HCSP en l'absence de Vmax ou VST,,,,Desmediphame,,
DCHLOPH,2981,DICHOROPHÈNE,Dichorophène,97-23-4,pesticide,sub_active,,0.1,µg/L,Limite de qualité réglementaire valable pour chaque substance active pesticide et métabolite pertinent,,,0.142,µg/L,Valeur recommandée par le HCSP en l'absence de Vmax ou VST,,,,Dichorophène,,
DICOUM,2982,DIFENACOUM,Difenacoum,56073-07-05,pesticide,sub_active,,0.1,µg/L,Limite de qualité réglementaire valable pour chaque substance active pesticide et métabolite pertinent,,,0.142,µg/L,Valeur recommandée par le HCSP en l'absence de Vmax ou VST,,,,Difenacoum,,
DILONE,2983,DIFETHIALONE,Difethialone,104653-34-1,pesticide,sub_active,,0.1,µg/L,Limite de qualité réglementaire valable pour chaque substance active pesticide et métabolite pertinent,,,0.142,µg/L,Valeur recommandée par le HCSP en l'absence de Vmax ou VST,,,,Difethialone,,
FLUAZN,2984,FLUAZINAM,Fluazinam,79622-59-6,pesticide,sub_active,,0.1,µg/L,Limite de qualité réglementaire valable pour chaque substance active pesticide et métabolite pertinent,,,0.142,µg/L,Valeur recommandée par le HCSP en l'absence de Vmax ou VST,,,,Fluazinam,,
FLUTO,2985,FLUTOLANIL,Flutolanil,66332-96-5,pesticide,sub_active,,0.1,µg/L,Limite de qualité réglementaire valable pour chaque substance active pesticide et métabolite pertinent,,,200,µg/L,Vmax établie par l'Anses en 2020,,,,Flutolanil,,
IMAMOX,2986,IMAZAMOX,Imazamox,114311-32-9,pesticide,sub_active,,0.1,µg/L,Limite de qualité réglementaire valable pour chaque substance active pesticide et métabolite pertinent,,,9000,µg/L,Vmax établie par l'Anses en 2017,,,,Imazamox,Autorisé,
METALM,2987,MÉFÉNOXAM,Méfénoxam,70630-17-0,pesticide,sub_active,,0.1,µg/L,Limite de qualité réglementaire valable pour chaque substance active pesticide et métabolite pertinent,,,240,µg/L,Vmax établie par l'Anses en 2010,,,,Méfénoxam,,
PCH,2988,PROPAMOCARBE HYDROCHLORIDE,Propamocarbe hydrochloride,25606-41-1,pesticide,sub_active,,0.1,µg/L,Limite de qualité réglementaire valable pour chaque substance active pesticide et métabolite pertinent,,,0.142,µg/L,Valeur recommandée par le HCSP en l'absence de Vmax ou VST,,,,Propamocarbe hydrochloride,,
TRIAZ,2990,TRIAZOXIDE,Triazoxide,72459-58-6,pesticide,sub_active,,0.1,µg/L,Limite de qualité réglementaire valable pour chaque substance active pesticide et métabolite pertinent,,,0.142,µg/L,Valeur recommandée par le HCSP en l'absence de Vmax ou VST,,,,Triazoxide,,
TRSULFM,2991,TRIFLUSULFURON-METHYL,Triflusulfuron-methyl,126535-15-7,pesticide,sub_active,,0.1,µg/L,Limite de qualité réglementaire valable pour chaque substance active pesticide et métabolite pertinent,,,0.142,µg/L,Valeur recommandée par le HCSP en l'absence de Vmax ou VST,,,,Triflusulfuron-methyl,,
TITCNZ,2992,TRITICONAZOLE,Triticonazole,131983-72-7,pesticide,sub_active,,0.1,µg/L,Limite de qualité réglementaire valable pour chaque substance active pesticide et métabolite pertinent,,,0.142,µg/L,Valeur recommandée par le HCSP en l'absence de Vmax ou VST,,,,Triticonazole,,
ADET2,3159,ATRAZINE DÉSÉTHYL-2-HYDROXY,Atrazine déséthyl-2-hydroxy,19988-24-0,pesticide,metabolite,pertinent_par_defaut,0.1,µg/L,Limite de qualité réglementaire valable pour chaque substance active pesticide et métabolite pertinent,,,0.142,µg/L,Valeur recommandée par le HCSP en l'absence de Vmax ou VST,,,,Atrazine déséthyl-2-hydroxy,Interdit,
AD2H,3160,ATRAZINE DÉISOPROPYL-2-HYDROXY,Atrazine déisopropyl-2-hydroxy,7313-54-4,pesticide,metabolite,pertinent_par_defaut,0.1,µg/L,Limite de qualité réglementaire valable pour chaque substance active pesticide et métabolite pertinent,,,60,µg/L,Vmax établie par l'Anses en 2016,,,,Atrazine déisopropyl-2-hydroxy,Interdit,
44DCBP,3165,"4,4'-DICHLOROBENZOPHENONE","4,4'-Dichlorobenzophenone",90-98-2,pesticide,metabolite,pertinent_par_defaut,0.1,µg/L,Limite de qualité réglementaire valable pour chaque substance active pesticide et métabolite pertinent,,,0.142,µg/L,Valeur recommandée par le HCSP en l'absence de Vmax ou VST,,,,"4,4'-Dichlorobenzophenone",,
BCYFLTH,3209,BETACYFLUTHRINE,Betacyfluthrine,68359-37-5,pesticide,sub_active,,0.1,µg/L,Limite de qualité réglementaire valable pour chaque substance active pesticide et métabolite pertinent,,,0.142,µg/L,Valeur recommandée par le HCSP en l'absence de Vmax ou VST,,,,Betacyfluthrine,,
DDTS,3268,DDT SOMME,DDT somme,,pesticide,sub_active,,0.1,µg/L,Limite de qualité réglementaire valable pour chaque substance active pesticide et métabolite pertinent,,,0.142,µg/L,Valeur recommandée par le HCSP en l'absence de Vmax ou VST,,,,DDT somme,,
CDEPA,3283,"2-CHLORO-N-(2,6-DIETHYLPHENYL)ACETAMIDE","2-Chloro-N-(2,6-diethylphenyl)acetamide",6967-29-9,pesticide,metabolite,pertinent_par_defaut,0.1,µg/L,Limite de qualité réglementaire valable pour chaque substance active pesticide et métabolite pertinent,,,0.142,µg/L,Valeur recommandée par le HCSP en l'absence de Vmax ou VST,,,,"2-Chloro-N-(2,6-diethylphenyl)acetamide",,
TECNAZ,5413,TECNAZENE,Tecnazene,117-18-0,pesticide,sub_active,,0.1,µg/L,Limite de qualité réglementaire valable pour chaque substance active pesticide et métabolite pertinent,,,0.142,µg/L,Valeur recommandée par le HCSP en l'absence de Vmax ou VST,,,,Tecnazene,,
PYMET,5416,PYMÉTROZINE,Pymétrozine,123312-89-0,pesticide,sub_active,,0.1,µg/L,Limite de qualité réglementaire valable pour chaque substance active pesticide et métabolite pertinent,,,0.142,µg/L,Valeur recommandée par le HCSP en l'absence de Vmax ou VST,,,,Pymétrozine,,
MIR,5438,MIREX,Mirex,2385-85-5,pesticide,sub_active,,0.1,µg/L,Limite de qualité réglementaire valable pour chaque substance active pesticide et métabolite pertinent,,,0.142,µg/L,Valeur recommandée par le HCSP en l'absence de Vmax ou VST,,,,Mirex,,
TSXY,5475,THIOFANOX SULFOXYDE,Thiofanox sulfoxyde,39184-27-5,pesticide,metabolite,pertinent_par_defaut,0.1,µg/L,Limite de qualité réglementaire valable pour chaque substance active pesticide et métabolite pertinent,,,0.142,µg/L,Valeur recommandée par le HCSP en l'absence de Vmax ou VST,,,,Thiofanox sulfoxyde,,
TSON,5476,THIOFANOX SULFONE,Thiofanox sulfone,39184-59-3,pesticide,metabolite,pertinent_par_defaut,0.1,µg/L,Limite de qualité réglementaire valable pour chaque substance active pesticide et métabolite pertinent,,,0.142,µg/L,Valeur recommandée par le HCSP en l'absence de Vmax ou VST,,,,Thiofanox sulfone,,
SITN,5477,SIMÉTRYNE,Simétryne,1014-70-6,pesticide,sub_active,,0.1,µg/L,Limite de qualité réglementaire valable pour chaque substance active pesticide et métabolite pertinent,,,0.142,µg/L,Valeur recommandée par le HCSP en l'absence de Vmax ou VST,,,,Simétryne,,
DIPHAM,5478,DIPHENYLAMINE,Diphenylamine,122-39-4,pesticide,sub_active,,0.1,µg/L,Limite de qualité réglementaire valable pour chaque substance active pesticide et métabolite pertinent,,,0.142,µg/L,Valeur recommandée par le HCSP en l'absence de Vmax ou VST,,,,Diphenylamine,,
CINOSUL,5481,CINOSULFURON,Cinosulfuron,94593-91-6,pesticide,sub_active,,0.1,µg/L,Limite de qualité réglementaire valable pour chaque substance active pesticide et métabolite pertinent,,,0.142,µg/L,Valeur recommandée par le HCSP en l'absence de Vmax ou VST,,,,Cinosulfuron,,
INDOXAC,5483,INDOXACARBE,Indoxacarbe,173584-44-6,pesticide,sub_active,,0.1,µg/L,Limite de qualité réglementaire valable pour chaque substance active pesticide et métabolite pertinent,,,0.142,µg/L,Valeur recommandée par le HCSP en l'absence de Vmax ou VST,,,,Indoxacarbe,,
EU,5484,ETHYLUREE (PESTICIDE),Ethyluree (pesticide),625-52-5,pesticide,sub_active,,0.1,µg/L,Limite de qualité réglementaire valable pour chaque substance active pesticide et métabolite pertinent,,,0.142,µg/L,Valeur recommandée par le HCSP en l'absence de Vmax ou VST,,,,Ethyluree (pesticide),,
PRIM,5488,PRIMISULFURON MÉTHYL,Primisulfuron méthyl,86209-51-0,pesticide,sub_active,,0.1,µg/L,Limite de qualité réglementaire valable pour chaque substance active pesticide et métabolite pertinent,,,0.142,µg/L,Valeur recommandée par le HCSP en l'absence de Vmax ou VST,,,,Primisulfuron méthyl,,
PYRPF,5499,PYRIPROXYFEN,Pyriproxyfen,95737-68-1,pesticide,sub_active,,0.1,µg/L,Limite de qualité réglementaire valable pour chaque substance active pesticide et métabolite pertinent,,,0.142,µg/L,Valeur recommandée par le HCSP en l'absence de Vmax ou VST,,,,Pyriproxyfen,,
SFOMTH,5507,SULFOMETHURON-METHYL,Sulfomethuron-methyl,74222-97-2,pesticide,sub_active,,0.1,µg/L,Limite de qualité réglementaire valable pour chaque substance active pesticide et métabolite pertinent,,,0.142,µg/L,Valeur recommandée par le HCSP en l'absence de Vmax ou VST,,,,Sulfomethuron-methyl,,
HASULM,5508,HALOSULFURON-METHYL,Halosulfuron-methyl,100784-20-1,pesticide,sub_active,,0.1,µg/L,Limite de qualité réglementaire valable pour chaque substance active pesticide et métabolite pertinent,,,0.142,µg/L,Valeur recommandée par le HCSP en l'absence de Vmax ou VST,,,,Halosulfuron-methyl,,
PYFE,5509,PYRAFLUFEN ÉTHYL,Pyraflufen éthyl,129630-19-9,pesticide,sub_active,,0.1,µg/L,Limite de qualité réglementaire valable pour chaque substance active pesticide et métabolite pertinent,,,0.142,µg/L,Valeur recommandée par le HCSP en l'absence de Vmax ou VST,,,,Pyraflufen éthyl,,
OXSULFH,5510,OXASULFURON,Oxasulfuron,144651-06-9,pesticide,sub_active,,0.1,µg/L,Limite de qualité réglementaire valable pour chaque substance active pesticide et métabolite pertinent,,,0.142,µg/L,Valeur recommandée par le HCSP en l'absence de Vmax ou VST,,,,Oxasulfuron,,
MTFEN,5511,METHOXYFENOSIDE,Methoxyfenoside,161050-58-4,pesticide,sub_active,,0.1,µg/L,Limite de qualité réglementaire valable pour chaque substance active pesticide et métabolite pertinent,,,0.142,µg/L,Valeur recommandée par le HCSP en l'absence de Vmax ou VST,,,,Methoxyfenoside,,
BENSULH,5512,BENSULFURON-METHYL,Bensulfuron-methyl,83055-99-6,pesticide,sub_active,,0.1,µg/L,Limite de qualité réglementaire valable pour chaque substance active pesticide et métabolite pertinent,,,0.142,µg/L,Valeur recommandée par le HCSP en l'absence de Vmax ou VST,,,,Bensulfuron-methyl,,
CLRMTH,5522,CHLORIMURON-ETHYL,Chlorimuron-ethyl,90982-32-4,pesticide,sub_active,,0.1,µg/L,Limite de qualité réglementaire valable pour chaque substance active pesticide et métabolite pertinent,,,0.142,µg/L,Valeur recommandée par le HCSP en l'absence de Vmax ou VST,,,,Chlorimuron-ethyl,,
AMINC,5523,AMINOCARBE,Aminocarbe,2032-59-9,pesticide,sub_active,,0.1,µg/L,Limite de qualité réglementaire valable pour chaque substance active pesticide et métabolite pertinent,,,0.142,µg/L,Valeur recommandée par le HCSP en l'absence de Vmax ou VST,,,,Aminocarbe,,
DIFXUR,5524,DIFENOXURON,Difenoxuron,14214-32-5,pesticide,sub_active,,0.1,µg/L,Limite de qualité réglementaire valable pour chaque substance active pesticide et métabolite pertinent,,,0.142,µg/L,Valeur recommandée par le HCSP en l'absence de Vmax ou VST,,,,Difenoxuron,,
DICRO,5525,DICROTOPHOS,Dicrotophos,141-66-2,pesticide,sub_active,,0.1,µg/L,Limite de qualité réglementaire valable pour chaque substance active pesticide et métabolite pertinent,,,0.142,µg/L,Valeur recommandée par le HCSP en l'absence de Vmax ou VST,,,,Dicrotophos,,
BOSCALI,5526,BOSCALID,Boscalid,188425-85-6,pesticide,sub_active,,0.1,µg/L,Limite de qualité réglementaire valable pour chaque substance active pesticide et métabolite pertinent,,,120,µg/L,Vmax établie par l'Anses en 2013,,,,Boscalid,Autorisé,
ETXSUL,5527,ETHOXYSULFURON,Ethoxysulfuron,126801-58-9,pesticide,sub_active,,0.1,µg/L,Limite de qualité réglementaire valable pour chaque substance active pesticide et métabolite pertinent,,,0.142,µg/L,Valeur recommandée par le HCSP en l'absence de Vmax ou VST,,,,Ethoxysulfuron,,
ETSN,5528,ETHIOFENCARB SULFONE,Ethiofencarb sulfone,53380-23-7,pesticide,metabolite,pertinent_par_defaut,0.1,µg/L,Limite de qualité réglementaire valable pour chaque substance active pesticide et métabolite pertinent,,,0.142,µg/L,Valeur recommandée par le HCSP en l'absence de Vmax ou VST,,,,Ethiofencarb sulfone,,
ETHAMH,5529,ETHAMETSULFURON-METHYL,Ethametsulfuron-methyl,97780-06-08,pesticide,sub_active,,0.1,µg/L,Limite de qualité réglementaire valable pour chaque substance active pesticide et métabolite pertinent,,,0.142,µg/L,Valeur recommandée par le HCSP en l'absence de Vmax ou VST,,,,Ethametsulfuron-methyl,,
PIRIDM,5531,DESMETHYL-PIRIMICARB,Desmethyl-pirimicarb,30614-22-3,pesticide,metabolite,pertinent_par_defaut,0.1,µg/L,Limite de qualité réglementaire valable pour chaque substance active pesticide et métabolite pertinent,,,0.142,µg/L,Valeur recommandée par le HCSP en l'absence de Vmax ou VST,,,,Desmethyl-pirimicarb,,
PIFODM,5532,PIRIMICARB FORMAMIDO DESMÉTHYL,Pirimicarb formamido desméthyl,27218-04-08,pesticide,metabolite,pertinent_par_defaut,0.1,µg/L,Limite de qualité réglementaire valable pour chaque substance active pesticide et métabolite pertinent,,,0.142,µg/L,Valeur recommandée par le HCSP en l'absence de Vmax ou VST,,,,Pirimicarb formamido desméthyl,,
MPNI,5533,MÉPANIPYRIM,Mépanipyrim,110235-47-7,pesticide,sub_active,,0.1,µg/L,Limite de qualité réglementaire valable pour chaque substance active pesticide et métabolite pertinent,,,0.142,µg/L,Valeur recommandée par le HCSP en l'absence de Vmax ou VST,,,,Mépanipyrim,,
HCHTOT4,5537,HCH ALPHA+BETA+DELTA+GAMMA,HCH alpha+beta+delta+gamma,,pesticide,sub_active,,0.1,µg/L,Limite de qualité réglementaire valable pour chaque substance active pesticide et métabolite pertinent,,,0.142,µg/L,Valeur recommandée par le HCSP en l'absence de Vmax ou VST,,,,HCH alpha+beta+delta+gamma,,
BANCOL,5542,BENSULTAP,Bensultap,17606-31-4,pesticide,sub_active,,0.1,µg/L,Limite de qualité réglementaire valable pour chaque substance active pesticide et métabolite pertinent,,,0.142,µg/L,Valeur recommandée par le HCSP en l'absence de Vmax ou VST,,,,Bensultap,,
BIFE,5545,BIFENAZATE,Bifenazate,149877-41-8,pesticide,sub_active,,0.1,µg/L,Limite de qualité réglementaire valable pour chaque substance active pesticide et métabolite pertinent,,,0.142,µg/L,Valeur recommandée par le HCSP en l'absence de Vmax ou VST,,,,Bifenazate,,
BROD,5546,BRODIFACOUM,Brodifacoum,56073-10-0,pesticide,sub_active,,0.1,µg/L,Limite de qualité réglementaire valable pour chaque substance active pesticide et métabolite pertinent,,,0.142,µg/L,Valeur recommandée par le HCSP en l'absence de Vmax ou VST,,,,Brodifacoum,,
CLFSON,5553,CHLORFENSON,Chlorfenson,80-33-1,pesticide,sub_active,,0.1,µg/L,Limite de qualité réglementaire valable pour chaque substance active pesticide et métabolite pertinent,,,0.142,µg/L,Valeur recommandée par le HCSP en l'absence de Vmax ou VST,,,,Chlorfenson,,
CLMQ,5554,CHLORMEQUAT,Chlormequat,7003-89-6,pesticide,sub_active,,0.1,µg/L,Limite de qualité réglementaire valable pour chaque substance active pesticide et métabolite pertinent,,,0.142,µg/L,Valeur recommandée par le HCSP en l'absence de Vmax ou VST,,,,Chlormequat,Autorisé,
CYAZOF,5567,CYAZOFAMIDE,Cyazofamide,120116-88-3,pesticide,sub_active,,0.1,µg/L,Limite de qualité réglementaire valable pour chaque substance active pesticide et métabolite pertinent,,,0.142,µg/L,Valeur recommandée par le HCSP en l'absence de Vmax ou VST,,,,Cyazofamide,,
CYCLOA,5568,CYCLOATE,Cycloate,1134-23-2,pesticide,sub_active,,0.1,µg/L,Limite de qualité réglementaire valable pour chaque substance active pesticide et métabolite pertinent,,,0.142,µg/L,Valeur recommandée par le HCSP en l'absence de Vmax ou VST,,,,Cycloate,,
CYHABU,5569,CYHALOFOP BUTYL,Cyhalofop butyl,122008-85-9,pesticide,sub_active,,0.1,µg/L,Limite de qualité réglementaire valable pour chaque substance active pesticide et métabolite pertinent,,,0.142,µg/L,Valeur recommandée par le HCSP en l'absence de Vmax ou VST,,,,Cyhalofop butyl,,
ACET,5579,ACÉTAMIPRID,Acétamiprid,135410-20-7,pesticide,sub_active,,0.1,µg/L,Limite de qualité réglementaire valable pour chaque substance active pesticide et métabolite pertinent,,,0.142,µg/L,Valeur recommandée par le HCSP en l'absence de Vmax ou VST,,,,Acétamiprid,,
ASM,5581,ACIBENZOLAR S MÉTHYL,Acibenzolar s méthyl,135158-54-2,pesticide,sub_active,,0.1,µg/L,Limite de qualité réglementaire valable pour chaque substance active pesticide et métabolite pertinent,,,0.142,µg/L,Valeur recommandée par le HCSP en l'absence de Vmax ou VST,,,,Acibenzolar s méthyl,,
DAMZD,5597,DAMINOZIDE,Daminozide,1596-84-5,pesticide,sub_active,,0.1,µg/L,Limite de qualité réglementaire valable pour chaque substance active pesticide et métabolite pertinent,,,0.142,µg/L,Valeur recommandée par le HCSP en l'absence de Vmax ou VST,,,,Daminozide,,
PPCBS,5602,PROPOXYCARBAZONE-SODIUM,Propoxycarbazone-sodium,181274-15-7,pesticide,sub_active,,0.1,µg/L,Limite de qualité réglementaire valable pour chaque substance active pesticide et métabolite pertinent,,,0.142,µg/L,Valeur recommandée par le HCSP en l'absence de Vmax ou VST,,,,Propoxycarbazone-sodium,,
PROTHIO,5603,PROTHIOCONAZOLE,Prothioconazole,178928-70-6,pesticide,sub_active,,0.1,µg/L,Limite de qualité réglementaire valable pour chaque substance active pesticide et métabolite pertinent,,,0.142,µg/L,Valeur recommandée par le HCSP en l'absence de Vmax ou VST,,,,Prothioconazole,Autorisé,
PYDAP,5606,PYRIDAPHENTHION,Pyridaphenthion,119-12-0,pesticide,sub_active,,0.1,µg/L,Limite de qualité réglementaire valable pour chaque substance active pesticide et métabolite pertinent,,,0.142,µg/L,Valeur recommandée par le HCSP en l'absence de Vmax ou VST,,,,Pyridaphenthion,,
SILTF,5609,SILTHIOFAM,Silthiofam,175217-20-6,pesticide,sub_active,,0.1,µg/L,Limite de qualité réglementaire valable pour chaque substance active pesticide et métabolite pertinent,,,0.142,µg/L,Valeur recommandée par le HCSP en l'absence de Vmax ou VST,,,,Silthiofam,,
SPINO,5610,SPINOSAD,Spinosad,168316-95-8,pesticide,sub_active,,0.1,µg/L,Limite de qualité réglementaire valable pour chaque substance active pesticide et métabolite pertinent,,,0.142,µg/L,Valeur recommandée par le HCSP en l'absence de Vmax ou VST,,,,Spinosad,,
DIPHNM,5614,DIPHENAMIDE,Diphenamide,957-51-7,pesticide,sub_active,,0.1,µg/L,Limite de qualité réglementaire valable pour chaque substance active pesticide et métabolite pertinent,,,0.142,µg/L,Valeur recommandée par le HCSP en l'absence de Vmax ou VST,,,,Diphenamide,,
DMTHP,5617,DIMETHENAMIDE-P,Dimethenamide-p,163515-14-8,pesticide,sub_active,,0.1,µg/L,Limite de qualité réglementaire valable pour chaque substance active pesticide et métabolite pertinent,,,60,µg/L,Vmax établie par l'Anses en 2017,,,,Dimethenamide-p,Autorisé,
DNOCP,5619,DINOCAP,Dinocap,39300-45-3,pesticide,sub_active,,0.1,µg/L,Limite de qualité réglementaire valable pour chaque substance active pesticide et métabolite pertinent,,,0.142,µg/L,Valeur recommandée par le HCSP en l'absence de Vmax ou VST,,,,Dinocap,,
ETOF,5624,ETOFENPROX,Etofenprox,80844-07-01,pesticide,sub_active,,0.1,µg/L,Limite de qualité réglementaire valable pour chaque substance active pesticide et métabolite pertinent,,,0.142,µg/L,Valeur recommandée par le HCSP en l'absence de Vmax ou VST,,,,Etofenprox,,
ETOXAZ,5625,ETOXAZOLE,Etoxazole,153233-91-1,pesticide,sub_active,,0.1,µg/L,Limite de qualité réglementaire valable pour chaque substance active pesticide et métabolite pertinent,,,0.142,µg/L,Valeur recommandée par le HCSP en l'absence de Vmax ou VST,,,,Etoxazole,,
FENIS,5627,FENIZON,Fenizon,80-38-6,pesticide,sub_active,,0.1,µg/L,Limite de qualité réglementaire valable pour chaque substance active pesticide et métabolite pertinent,,,0.142,µg/L,Valeur recommandée par le HCSP en l'absence de Vmax ou VST,,,,Fenizon,,
FENOXP,5628,FENOXAPROP-P-ETHYL,Fenoxaprop-p-ethyl,71283-80-2,pesticide,sub_active,,0.1,µg/L,Limite de qualité réglementaire valable pour chaque substance active pesticide et métabolite pertinent,,,0.142,µg/L,Valeur recommandée par le HCSP en l'absence de Vmax ou VST,,,,Fenoxaprop-p-ethyl,,
FENP,5630,FENPYROXIMATE,Fenpyroximate,134098-61-6,pesticide,sub_active,,0.1,µg/L,Limite de qualité réglementaire valable pour chaque substance active pesticide et métabolite pertinent,,,0.142,µg/L,Valeur recommandée par le HCSP en l'absence de Vmax ou VST,,,,Fenpyroximate,,
FXAS,5638,FLUOXASTROBINE,Fluoxastrobine,361377-29-9,pesticide,sub_active,,0.1,µg/L,Limite de qualité réglementaire valable pour chaque substance active pesticide et métabolite pertinent,,,0.142,µg/L,Valeur recommandée par le HCSP en l'absence de Vmax ou VST,,,,Fluoxastrobine,,
HYDMAL,5645,HYDRAZIDE MALEÏQUE,Hydrazide maleïque,123-33-1,pesticide,sub_active,,0.1,µg/L,Limite de qualité réglementaire valable pour chaque substance active pesticide et métabolite pertinent,,,0.142,µg/L,Valeur recommandée par le HCSP en l'absence de Vmax ou VST,,,,Hydrazide maleïque,,
HYMEX,5646,HYMEXAZOL,Hymexazol,10004-44-1,pesticide,sub_active,,0.1,µg/L,Limite de qualité réglementaire valable pour chaque substance active pesticide et métabolite pertinent,,,0.142,µg/L,Valeur recommandée par le HCSP en l'absence de Vmax ou VST,,,,Hymexazol,,
ETU,5648,ETHYLENETHIOUREE,Ethylenethiouree,96-45-7,pesticide,metabolite,pertinent_par_defaut,0.1,µg/L,Limite de qualité réglementaire valable pour chaque substance active pesticide et métabolite pertinent,,,0.142,µg/L,Valeur recommandée par le HCSP en l'absence de Vmax ou VST,,,,Ethylenethiouree,,
NHFOSAM,5649,FOSAMINE AMMONIUM,Fosamine ammonium,25954-13-6,pesticide,sub_active,,0.1,µg/L,Limite de qualité réglementaire valable pour chaque substance active pesticide et métabolite pertinent,,,0.142,µg/L,Valeur recommandée par le HCSP en l'absence de Vmax ou VST,,,,Fosamine ammonium,,
METRAF,5654,METRAFENONE,Metrafenone,220899-03-6,pesticide,sub_active,,0.1,µg/L,Limite de qualité réglementaire valable pour chaque substance active pesticide et métabolite pertinent,,,0.142,µg/L,Valeur recommandée par le HCSP en l'absence de Vmax ou VST,,,,Metrafenone,,
MILB,5655,MILBEMECTIN,Milbemectin,51596-10-2,pesticide,sub_active,,0.1,µg/L,Limite de qualité réglementaire valable pour chaque substance active pesticide et métabolite pertinent,,,0.142,µg/L,Valeur recommandée par le HCSP en l'absence de Vmax ou VST,,,,Milbemectin,,
PRQTDC,5661,PARAQUAT DICHLORIDE,Paraquat dichloride,1910-42-5,pesticide,sub_active,,0.1,µg/L,Limite de qualité réglementaire valable pour chaque substance active pesticide et métabolite pertinent,,,0.142,µg/L,Valeur recommandée par le HCSP en l'absence de Vmax ou VST,,,,Paraquat dichloride,,
PICONA,5665,PICOLINAFEN,Picolinafen,137641-05-5,pesticide,sub_active,,0.1,µg/L,Limite de qualité réglementaire valable pour chaque substance active pesticide et métabolite pertinent,,,0.142,µg/L,Valeur recommandée par le HCSP en l'absence de Vmax ou VST,,,,Picolinafen,,
PHDC,5668,PROHEXADIONE-CALCIUM,Prohexadione-calcium,127277-53-6,pesticide,sub_active,,0.1,µg/L,Limite de qualité réglementaire valable pour chaque substance active pesticide et métabolite pertinent,,,0.142,µg/L,Valeur recommandée par le HCSP en l'absence de Vmax ou VST,,,,Prohexadione-calcium,,
THIACLO,5671,THIACLOPRIDE,Thiaclopride,111988-49-9,pesticide,sub_active,,0.1,µg/L,Limite de qualité réglementaire valable pour chaque substance active pesticide et métabolite pertinent,,,0.142,µg/L,Valeur recommandée par le HCSP en l'absence de Vmax ou VST,,,,Thiaclopride,,
TOLM,5675,TOLCLOFOS-METHYL,Tolclofos-methyl,57018-04-09,pesticide,sub_active,,0.1,µg/L,Limite de qualité réglementaire valable pour chaque substance active pesticide et métabolite pertinent,,,0.142,µg/L,Valeur recommandée par le HCSP en l'absence de Vmax ou VST,,,,Tolclofos-methyl,,
PRTC,5682,PERMÉTHRINE-CIS,Perméthrine-cis,61949-76-6,pesticide,sub_active,,0.1,µg/L,Limite de qualité réglementaire valable pour chaque substance active pesticide et métabolite pertinent,,,0.142,µg/L,Valeur recommandée par le HCSP en l'absence de Vmax ou VST,,,,Perméthrine-cis,,
PRTT,5683,PERMÉTHRINE-TRANS,Perméthrine-trans,61949-77-7,pesticide,sub_active,,0.1,µg/L,Limite de qualité réglementaire valable pour chaque substance active pesticide et métabolite pertinent,,,0.142,µg/L,Valeur recommandée par le HCSP en l'absence de Vmax ou VST,,,,Perméthrine-trans,,
FNAP,5691,FÉNOXAPROP,Fénoxaprop,95617-09-07,pesticide,sub_active,,0.1,µg/L,Limite de qualité réglementaire valable pour chaque substance active pesticide et métabolite pertinent,,,0.142,µg/L,Valeur recommandée par le HCSP en l'absence de Vmax ou VST,,,,Fénoxaprop,,
TRIMC,5695,TRIMETHACARBE,Trimethacarbe,2686-99-9,pesticide,sub_active,,0.1,µg/L,Limite de qualité réglementaire valable pour chaque substance active pesticide et métabolite pertinent,,,0.142,µg/L,Valeur recommandée par le HCSP en l'absence de Vmax ou VST,,,,Trimethacarbe,,
AMIDIT,5697,AMIDITHION,Amidithion,919-76-6,pesticide,sub_active,,0.1,µg/L,Limite de qualité réglementaire valable pour chaque substance active pesticide et métabolite pertinent,,,0.142,µg/L,Valeur recommandée par le HCSP en l'absence de Vmax ou VST,,,,Amidithion,,
ATRATN,5698,ATRATON,Atraton,1610-17-9,pesticide,sub_active,,0.1,µg/L,Limite de qualité réglementaire valable pour chaque substance active pesticide et métabolite pertinent,,,0.142,µg/L,Valeur recommandée par le HCSP en l'absence de Vmax ou VST,,,,Atraton,,
AZYPRO,5699,AZIPROTRYNE,Aziprotryne,4658-28-0,pesticide,sub_active,,0.1,µg/L,Limite de qualité réglementaire valable pour chaque substance active pesticide et métabolite pertinent,,,0.142,µg/L,Valeur recommandée par le HCSP en l'absence de Vmax ou VST,,,,Aziprotryne,,
BUTAM,5710,BUTAMIFOS,Butamifos,36335-67-8,pesticide,sub_active,,0.1,µg/L,Limite de qualité réglementaire valable pour chaque substance active pesticide et métabolite pertinent,,,0.142,µg/L,Valeur recommandée par le HCSP en l'absence de Vmax ou VST,,,,Butamifos,,
CLTHIO,5723,CHLORTHIOPHOS,Chlorthiophos,60238-56-4,pesticide,sub_active,,0.1,µg/L,Limite de qualité réglementaire valable pour chaque substance active pesticide et métabolite pertinent,,,0.142,µg/L,Valeur recommandée par le HCSP en l'absence de Vmax ou VST,,,,Chlorthiophos,,
CROTOX,5724,CROTOXYPHOS,Crotoxyphos,7700-17-6,pesticide,sub_active,,0.1,µg/L,Limite de qualité réglementaire valable pour chaque substance active pesticide et métabolite pertinent,,,0.142,µg/L,Valeur recommandée par le HCSP en l'absence de Vmax ou VST,,,,Crotoxyphos,,
CRUFOM,5725,CRUFOMATE,Crufomate,299-86-5,pesticide,sub_active,,0.1,µg/L,Limite de qualité réglementaire valable pour chaque substance active pesticide et métabolite pertinent,,,0.142,µg/L,Valeur recommandée par le HCSP en l'absence de Vmax ou VST,,,,Crufomate,,
CYANFP,5726,CYANOFENPHOS,Cyanofenphos,13067-93-1,pesticide,sub_active,,0.1,µg/L,Limite de qualité réglementaire valable pour chaque substance active pesticide et métabolite pertinent,,,0.142,µg/L,Valeur recommandée par le HCSP en l'absence de Vmax ou VST,,,,Cyanofenphos,,
DMTHY,5737,DIMETHAMETRYN,Dimethametryn,22936-75-0,pesticide,sub_active,,0.1,µg/L,Limite de qualité réglementaire valable pour chaque substance active pesticide et métabolite pertinent,,,0.142,µg/L,Valeur recommandée par le HCSP en l'absence de Vmax ou VST,,,,Dimethametryn,,
DIOXA,5743,DIOXACARBE,Dioxacarbe,6988-21-2,pesticide,sub_active,,0.1,µg/L,Limite de qualité réglementaire valable pour chaque substance active pesticide et métabolite pertinent,,,0.142,µg/L,Valeur recommandée par le HCSP en l'absence de Vmax ou VST,,,,Dioxacarbe,,
DITALM,5745,DITALIMFOS,Ditalimfos,5131-24-8,pesticide,sub_active,,0.1,µg/L,Limite de qualité réglementaire valable pour chaque substance active pesticide et métabolite pertinent,,,0.142,µg/L,Valeur recommandée par le HCSP en l'absence de Vmax ou VST,,,,Ditalimfos,,
DIMOX,5748,DIMOXYSTROBINE,Dimoxystrobine,149961-52-4,pesticide,sub_active,,0.1,µg/L,Limite de qualité réglementaire valable pour chaque substance active pesticide et métabolite pertinent,,,0.142,µg/L,Valeur recommandée par le HCSP en l'absence de Vmax ou VST,,,,Dimoxystrobine,,
EDIF,5751,EDIFENPHOS,Edifenphos,17109-49-8,pesticide,sub_active,,0.1,µg/L,Limite de qualité réglementaire valable pour chaque substance active pesticide et métabolite pertinent,,,0.142,µg/L,Valeur recommandée par le HCSP en l'absence de Vmax ou VST,,,,Edifenphos,,
ETRIM,5760,ETRIMFOS,Etrimfos,38260-54-7,pesticide,sub_active,,0.1,µg/L,Limite de qualité réglementaire valable pour chaque substance active pesticide et métabolite pertinent,,,0.142,µg/L,Valeur recommandée par le HCSP en l'absence de Vmax ou VST,,,,Etrimfos,,
FAMP,5761,FAMPHUR,Famphur,52-85-7,pesticide,sub_active,,0.1,µg/L,Limite de qualité réglementaire valable pour chaque substance active pesticide et métabolite pertinent,,,0.142,µg/L,Valeur recommandée par le HCSP en l'absence de Vmax ou VST,,,,Famphur,,
FENOB,5763,FENOBUCARBE,Fenobucarbe,3766-81-2,pesticide,sub_active,,0.1,µg/L,Limite de qualité réglementaire valable pour chaque substance active pesticide et métabolite pertinent,,,0.142,µg/L,Valeur recommandée par le HCSP en l'absence de Vmax ou VST,,,,Fenobucarbe,,
IBP,5777,IPROBENFOS (IBP),Iprobenfos (IBP),26087-47-8,pesticide,sub_active,,0.1,µg/L,Limite de qualité réglementaire valable pour chaque substance active pesticide et métabolite pertinent,,,0.142,µg/L,Valeur recommandée par le HCSP en l'absence de Vmax ou VST,,,,Iprobenfos (IBP),,
ISCBMD,5779,ISOCARBAMIDE,Isocarbamide,30979-48-7,pesticide,sub_active,,0.1,µg/L,Limite de qualité réglementaire valable pour chaque substance active pesticide et métabolite pertinent,,,0.142,µg/L,Valeur recommandée par le HCSP en l'absence de Vmax ou VST,,,,Isocarbamide,,
ISMTZN,5780,ISOMETHIOZIN,Isomethiozin,57052-04-07,pesticide,sub_active,,0.1,µg/L,Limite de qualité réglementaire valable pour chaque substance active pesticide et métabolite pertinent,,,0.142,µg/L,Valeur recommandée par le HCSP en l'absence de Vmax ou VST,,,,Isomethiozin,,
ISOPC,5781,ISOPROCARB,Isoprocarb,2631-40-5,pesticide,sub_active,,0.1,µg/L,Limite de qualité réglementaire valable pour chaque substance active pesticide et métabolite pertinent,,,0.142,µg/L,Valeur recommandée par le HCSP en l'absence de Vmax ou VST,,,,Isoprocarb,,
ISPTLN,5783,ISOPROTHIOLANE,Isoprothiolane,50512-35-1,pesticide,sub_active,,0.1,µg/L,Limite de qualité réglementaire valable pour chaque substance active pesticide et métabolite pertinent,,,0.142,µg/L,Valeur recommandée par le HCSP en l'absence de Vmax ou VST,,,,Isoprothiolane,,
ISOXAT,5784,ISOXATHION,Isoxathion,18854-01-08,pesticide,sub_active,,0.1,µg/L,Limite de qualité réglementaire valable pour chaque substance active pesticide et métabolite pertinent,,,0.142,µg/L,Valeur recommandée par le HCSP en l'absence de Vmax ou VST,,,,Isoxathion,,
MALAOX,5787,MALAOXON,Malaoxon,1634-78-2,pesticide,metabolite,pertinent_par_defaut,0.1,µg/L,Limite de qualité réglementaire valable pour chaque substance active pesticide et métabolite pertinent,,,0.142,µg/L,Valeur recommandée par le HCSP en l'absence de Vmax ou VST,,,,Malaoxon,,
MECARB,5789,MECARBAM,Mecarbam,2595-54-2,pesticide,sub_active,,0.1,µg/L,Limite de qualité réglementaire valable pour chaque substance active pesticide et métabolite pertinent,,,0.142,µg/L,Valeur recommandée par le HCSP en l'absence de Vmax ou VST,,,,Mecarbam,,
MEPHOS,5791,MEPHOSFOLAN,Mephosfolan,0950-10-7,pesticide,sub_active,,0.1,µg/L,Limite de qualité réglementaire valable pour chaque substance active pesticide et métabolite pertinent,,,0.142,µg/L,Valeur recommandée par le HCSP en l'absence de Vmax ou VST,,,,Mephosfolan,,
METHACR,5792,MÉTHACRIFOS,Méthacrifos,62610-77-9,pesticide,sub_active,,0.1,µg/L,Limite de qualité réglementaire valable pour chaque substance active pesticide et métabolite pertinent,,,0.142,µg/L,Valeur recommandée par le HCSP en l'absence de Vmax ou VST,,,,Méthacrifos,,
PARM,5793,PARAOXON MÉTHYL,Paraoxon méthyl,950-35-6,pesticide,metabolite,pertinent_par_defaut,0.1,µg/L,Limite de qualité réglementaire valable pour chaque substance active pesticide et métabolite pertinent,,,0.142,µg/L,Valeur recommandée par le HCSP en l'absence de Vmax ou VST,,,,Paraoxon méthyl,,
MTOLC,5796,METOLCARB,Metolcarb,1129-41-5,pesticide,sub_active,,0.1,µg/L,Limite de qualité réglementaire valable pour chaque substance active pesticide et métabolite pertinent,,,0.142,µg/L,Valeur recommandée par le HCSP en l'absence de Vmax ou VST,,,,Metolcarb,,
PARAOX,5806,PARAOXON,Paraoxon,311-45-5,pesticide,metabolite,pertinent_par_defaut,0.1,µg/L,Limite de qualité réglementaire valable pour chaque substance active pesticide et métabolite pertinent,,,0.142,µg/L,Valeur recommandée par le HCSP en l'absence de Vmax ou VST,,,,Paraoxon,,
PHENTHO,5813,PHENTOATE,Phentoate,07/03/2597,pesticide,sub_active,,0.1,µg/L,Limite de qualité réglementaire valable pour chaque substance active pesticide et métabolite pertinent,,,0.142,µg/L,Valeur recommandée par le HCSP en l'absence de Vmax ou VST,,,,Phentoate,,
PIPERO,5819,PIPEROPHOS,Piperophos,24151-93-7,pesticide,sub_active,,0.1,µg/L,Limite de qualité réglementaire valable pour chaque substance active pesticide et métabolite pertinent,,,0.142,µg/L,Valeur recommandée par le HCSP en l'absence de Vmax ou VST,,,,Piperophos,,
PRTF,5824,PROTHIOFOS,Prothiofos,34643-46-4,pesticide,sub_active,,0.1,µg/L,Limite de qualité réglementaire valable pour chaque substance active pesticide et métabolite pertinent,,,0.142,µg/L,Valeur recommandée par le HCSP en l'absence de Vmax ou VST,,,,Prothiofos,,
PYRACA,5825,PYRACARBOLID,Pyracarbolid,24691-76-7,pesticide,sub_active,,0.1,µg/L,Limite de qualité réglementaire valable pour chaque substance active pesticide et métabolite pertinent,,,0.142,µg/L,Valeur recommandée par le HCSP en l'absence de Vmax ou VST,,,,Pyracarbolid,,
PYBUT,5826,PYRIBUTICARB,Pyributicarb,88678-67-5,pesticide,sub_active,,0.1,µg/L,Limite de qualité réglementaire valable pour chaque substance active pesticide et métabolite pertinent,,,0.142,µg/L,Valeur recommandée par le HCSP en l'absence de Vmax ou VST,,,,Pyributicarb,,
PYROQU,5828,PYROQUILON,Pyroquilon,57369-32-1,pesticide,sub_active,,0.1,µg/L,Limite de qualité réglementaire valable pour chaque substance active pesticide et métabolite pertinent,,,0.142,µg/L,Valeur recommandée par le HCSP en l'absence de Vmax ou VST,,,,Pyroquilon,,
SULPRO,5831,SULPROFOS,Sulprofos,35400-43-2,pesticide,sub_active,,0.1,µg/L,Limite de qualité réglementaire valable pour chaque substance active pesticide et métabolite pertinent,,,0.142,µg/L,Valeur recommandée par le HCSP en l'absence de Vmax ou VST,,,,Sulprofos,,
TBUC,5835,TERBUCARB,Terbucarb,02/11/1918,pesticide,sub_active,,0.1,µg/L,Limite de qualité réglementaire valable pour chaque substance active pesticide et métabolite pertinent,,,0.142,µg/L,Valeur recommandée par le HCSP en l'absence de Vmax ou VST,,,,Terbucarb,,
TETRAS,5837,TETRASUL,Tetrasul,2227-13-6,pesticide,sub_active,,0.1,µg/L,Limite de qualité réglementaire valable pour chaque substance active pesticide et métabolite pertinent,,,0.142,µg/L,Valeur recommandée par le HCSP en l'absence de Vmax ou VST,,,,Tetrasul,,
MERPHO,5840,MERPHOS,Merphos,150-50-5,pesticide,sub_active,,0.1,µg/L,Limite de qualité réglementaire valable pour chaque substance active pesticide et métabolite pertinent,,,0.142,µg/L,Valeur recommandée par le HCSP en l'absence de Vmax ou VST,,,,Merphos,,
TTAZINE,5842,TRIETAZINE,Trietazine,1912-26-1,pesticide,sub_active,,0.1,µg/L,Limite de qualité réglementaire valable pour chaque substance active pesticide et métabolite pertinent,,,0.142,µg/L,Valeur recommandée par le HCSP en l'absence de Vmax ou VST,,,,Trietazine,,
TMETH,5921,TÉTRAMÉTHRINE,Tétraméthrine,7696-12-0,pesticide,sub_active,,0.1,µg/L,Limite de qualité réglementaire valable pour chaque substance active pesticide et métabolite pertinent,,,0.142,µg/L,Valeur recommandée par le HCSP en l'absence de Vmax ou VST,,,,Tétraméthrine,,
TCBAZ,5922,TIOCARBAZIL,Tiocarbazil,36756-79-3,pesticide,sub_active,,0.1,µg/L,Limite de qualité réglementaire valable pour chaque substance active pesticide et métabolite pertinent,,,0.142,µg/L,Valeur recommandée par le HCSP en l'absence de Vmax ou VST,,,,Tiocarbazil,,
DAIMURO,5930,DAIMURON,Daimuron,42609-52-9,pesticide,sub_active,,0.1,µg/L,Limite de qualité réglementaire valable pour chaque substance active pesticide et métabolite pertinent,,,0.142,µg/L,Valeur recommandée par le HCSP en l'absence de Vmax ou VST,,,,Daimuron,,
THIDIAZ,5934,THIDIAZURON,Thidiazuron,51707-55-2,pesticide,sub_active,,0.1,µg/L,Limite de qualité réglementaire valable pour chaque substance active pesticide et métabolite pertinent,,,0.142,µg/L,Valeur recommandée par le HCSP en l'absence de Vmax ou VST,,,,Thidiazuron,,
PRP2H,5968,PROPAZINE 2-HYDROXY,Propazine 2-hydroxy,7374-53-0,pesticide,metabolite,pertinent_par_defaut,0.1,µg/L,Limite de qualité réglementaire valable pour chaque substance active pesticide et métabolite pertinent,,,0.142,µg/L,Valeur recommandée par le HCSP en l'absence de Vmax ou VST,,,,Propazine 2-hydroxy,,
FCLURO,5969,FORCHLORFENURON,Forchlorfenuron,68157-60-8,pesticide,sub_active,,0.1,µg/L,Limite de qualité réglementaire valable pour chaque substance active pesticide et métabolite pertinent,,,0.142,µg/L,Valeur recommandée par le HCSP en l'absence de Vmax ou VST,,,,Forchlorfenuron,,
FENOT,5970,FENOTHIOCARBE,Fenothiocarbe,62850-32-2,pesticide,sub_active,,0.1,µg/L,Limite de qualité réglementaire valable pour chaque substance active pesticide et métabolite pertinent,,,0.142,µg/L,Valeur recommandée par le HCSP en l'absence de Vmax ou VST,,,,Fenothiocarbe,,
TRAZDE,5971,TRIETAZINE DESETHYL,Trietazine desethyl,38902-68-0,pesticide,metabolite,pertinent_par_defaut,0.1,µg/L,Limite de qualité réglementaire valable pour chaque substance active pesticide et métabolite pertinent,,,0.142,µg/L,Valeur recommandée par le HCSP en l'absence de Vmax ou VST,,,,Trietazine desethyl,,
SEBUT2H,5981,SEBUTHYLAZINE DÉSÉTHYL,Sebuthylazine déséthyl,37019-18-4,pesticide,metabolite,pertinent_par_defaut,0.1,µg/L,Limite de qualité réglementaire valable pour chaque substance active pesticide et métabolite pertinent,,,0.142,µg/L,Valeur recommandée par le HCSP en l'absence de Vmax ou VST,,,,Sebuthylazine déséthyl,,
SBAZ2H,6101,SEBUTHYLAZINE 2-HYDROXY,Sebuthylazine 2-hydroxy,33124-61-7,pesticide,metabolite,pertinent_par_defaut,0.1,µg/L,Limite de qualité réglementaire valable pour chaque substance active pesticide et métabolite pertinent,,,0.142,µg/L,Valeur recommandée par le HCSP en l'absence de Vmax ou VST,,,,Sebuthylazine 2-hydroxy,,
TRAZ2H,6102,TRIETAZINE 2-HYDROXY,Trietazine 2-hydroxy,13532-25-7,pesticide,metabolite,pertinent_par_defaut,0.1,µg/L,Limite de qualité réglementaire valable pour chaque substance active pesticide et métabolite pertinent,,,0.142,µg/L,Valeur recommandée par le HCSP en l'absence de Vmax ou VST,,,,Trietazine 2-hydroxy,,
PTU,6214,PROPYLENE THIOUREE,Propylene thiouree,2122-19-2,pesticide,metabolite,pertinent_par_defaut,0.1,µg/L,Limite de qualité réglementaire valable pour chaque substance active pesticide et métabolite pertinent,,,0.142,µg/L,Valeur recommandée par le HCSP en l'absence de Vmax ou VST,,,,Propylene thiouree,,
DITHIO1,6235,SOMME MÉTABOLITES DITHIOCARBAMATES,Somme métabolites Dithiocarbamates,,pesticide,metabolite,pertinent_par_defaut,0.1,µg/L,Limite de qualité réglementaire valable pour chaque substance active pesticide et métabolite pertinent,,,0.142,µg/L,Valeur recommandée par le HCSP en l'absence de Vmax ou VST,,,,Somme métabolites Dithiocarbamates,,
FIPRO02,6260,FIPRONIL SULFONE,Fipronil sulfone,120068-36-2,pesticide,metabolite,pertinent_par_defaut,0.1,µg/L,Limite de qualité réglementaire valable pour chaque substance active pesticide et métabolite pertinent,,,0.142,µg/L,Valeur recommandée par le HCSP en l'absence de Vmax ou VST,,,,Fipronil sulfone,,
FIPRO03,6261,FIPRONIL SULFIDE,Fipronil sulfide,120067-83-6,pesticide,metabolite,pertinent_par_defaut,0.1,µg/L,Limite de qualité réglementaire valable pour chaque substance active pesticide et métabolite pertinent,,,0.142,µg/L,Valeur recommandée par le HCSP en l'absence de Vmax ou VST,,,,Fipronil sulfide,,
FIPRO01,6262,FIPRONIL DÉSULFINYL,Fipronil désulfinyl,205650-65-3,pesticide,metabolite,pertinent_par_defaut,0.1,µg/L,Limite de qualité réglementaire valable pour chaque substance active pesticide et métabolite pertinent,,,0.142,µg/L,Valeur recommandée par le HCSP en l'absence de Vmax ou VST,,,,Fipronil désulfinyl,,
PESTOT,6276,TOTAL DES PESTICIDES ANALYSÉS,Total des pesticides analysés,,pesticide,,,0.5,µg/L,Limite de qualité réglementaire pour la somme de tous les pesticides et métabolites pertinents,,,,,,,,,Total pesticides réglementaire,,
643PYRD,6358,PYRIDAFOL,Pyridafol,40020-01-07,pesticide,sub_active,,0.1,µg/L,Limite de qualité réglementaire valable pour chaque substance active pesticide et métabolite pertinent,,,0.142,µg/L,Valeur recommandée par le HCSP en l'absence de Vmax ou VST,,,,Pyridafol,,
CLDZ_D,6378,CHLORIDAZONE DESPHÉNYL,Chloridazone desphényl,6339-19-1,pesticide,metabolite,pertinent,0.1,µg/L,Limite de qualité réglementaire valable pour chaque substance active pesticide et métabolite pertinent,,,11,µg/L,Vmax établie par l'Anses en 2024,,,,Chloridazone desphényl,Interdit,
CLDZ_MD,6379,CHLORIDAZONE MÉTHYL DESPHÉNYL,Chloridazone méthyl desphényl,17254-80-7,pesticide,metabolite,pertinent,0.1,µg/L,Limite de qualité réglementaire valable pour chaque substance active pesticide et métabolite pertinent,,,110,µg/L,Vmax établie par l'Anses en 2024,,,,Chloridazone méthyl desphényl,Interdit,
OXADIM,6380,DIMÉTHACHLORE OXA,Diméthachlore OXA,1086384-49-7,pesticide,metabolite,pertinent_par_defaut,0.1,µg/L,Limite de qualité réglementaire valable pour chaque substance active pesticide et métabolite pertinent,,,220,µg/L,Vmax établie par l'Anses en 2026,,,,Diméthachlore OXA,Autorisé,
DIM2ESA,6381,CGA 354742,CGA 354742,,pesticide,metabolite,non_pertinent,,µg/L,Limite de qualité réglementaire pour les métabolites non pertinents,0.9,µg/L,,µg/L,Pas de restriction de consommation pour les métabolites non pertinents. ,,,,CGA 354742,Autorisé,
ESADIM2,6381,CGA 354742,CGA 354742,,pesticide,metabolite,non_pertinent,,µg/L,Limite de qualité réglementaire pour les métabolites non pertinents,0.9,µg/L,,µg/L,Pas de restriction de consommation pour les métabolites non pertinents. ,,,,CGA 354742,Autorisé,
NDMS,6384,"N,N-DIMETHYLSULFAMIDE","N,N-Dimethylsulfamide",3984-14-3,pesticide,metabolite,pertinent,0.1,µg/L,Limite de qualité réglementaire valable pour chaque substance active pesticide et métabolite pertinent,,,1.43,µg/L,Valeur sanitaire transitoire (incluant un intervalle de confiance de 30%) établie par l'agence allemande UBA (utilisée en l'absence de Vmax fixée par l'Anses),,,,"N,N-Dimethylsulfamide",Interdit,Métabolite du tolylfluanide
PYRAZET,6386,PYRAZOSULFURON ÉTHYL,Pyrazosulfuron éthyl,93697-74-6,pesticide,sub_active,,0.1,µg/L,Limite de qualité réglementaire valable pour chaque substance active pesticide et métabolite pertinent,,,0.142,µg/L,Valeur recommandée par le HCSP en l'absence de Vmax ou VST,,,,Pyrazosulfuron éthyl,,
CLOT,6389,CLOTHIANIDINE,Clothianidine,210880-92-5,pesticide,sub_active,,0.1,µg/L,Limite de qualité réglementaire valable pour chaque substance active pesticide et métabolite pertinent,,,0.142,µg/L,Valeur recommandée par le HCSP en l'absence de Vmax ou VST,,,,Clothianidine,,
THIAMET,6390,THIAMETHOXAM,Thiamethoxam,153719-23-4,pesticide,sub_active,,0.1,µg/L,Limite de qualité réglementaire valable pour chaque substance active pesticide et métabolite pertinent,,,0.142,µg/L,Valeur recommandée par le HCSP en l'absence de Vmax ou VST,,,,Thiamethoxam,,
FLOAMD,6393,FLONICAMIDE,Flonicamide,158062-67-0,pesticide,sub_active,,0.1,µg/L,Limite de qualité réglementaire valable pour chaque substance active pesticide et métabolite pertinent,,,0.142,µg/L,Valeur recommandée par le HCSP en l'absence de Vmax ou VST,,,,Flonicamide,Autorisé,
PENOXU,6394,PENOXSULAM,Penoxsulam,219714-96-2,pesticide,sub_active,,0.1,µg/L,Limite de qualité réglementaire valable pour chaque substance active pesticide et métabolite pertinent,,,0.142,µg/L,Valeur recommandée par le HCSP en l'absence de Vmax ou VST,,,,Penoxsulam,,
PROPAMO,6398,PROPAMOCARBE,Propamocarbe,24579-73-5,pesticide,sub_active,,0.1,µg/L,Limite de qualité réglementaire valable pour chaque substance active pesticide et métabolite pertinent,,,223,µg/L,Vmax établie par l'Anses en 2020,,,,Propamocarbe,Autorisé,
MANDIP,6399,MANDIPROPAMIDE,Mandipropamide,374726-62-2,pesticide,sub_active,,0.1,µg/L,Limite de qualité réglementaire valable pour chaque substance active pesticide et métabolite pertinent,,,0.142,µg/L,Valeur recommandée par le HCSP en l'absence de Vmax ou VST,,,,Mandipropamide,,
IODOSU,6483,IODOSULFURON-METHYL-SODIUM,Iodosulfuron-methyl-sodium,144550-36-7,pesticide,sub_active,,0.1,µg/L,Limite de qualité réglementaire valable pour chaque substance active pesticide et métabolite pertinent,,,0.142,µg/L,Valeur recommandée par le HCSP en l'absence de Vmax ou VST,,,,Iodosulfuron-methyl-sodium,,
SDDTDE,6497,"SOMME  DDT, DDD, DDE","Somme  DDT, DDD, DDE",,pesticide,sub_active,,0.1,µg/L,Limite de qualité réglementaire valable pour chaque substance active pesticide et métabolite pertinent,,,0.142,µg/L,Valeur recommandée par le HCSP en l'absence de Vmax ou VST,,,,"Somme  DDT, DDD, DDE",,
PYRAZXF,6530,PYRAZOXYFEN,Pyrazoxyfen,71561-11-0,pesticide,sub_active,,0.1,µg/L,Limite de qualité réglementaire valable pour chaque substance active pesticide et métabolite pertinent,,,0.142,µg/L,Valeur recommandée par le HCSP en l'absence de Vmax ou VST,,,,Pyrazoxyfen,,
ETSY,6534,ETHIOFENCARB SULFOXYDE,Ethiofencarb sulfoxyde,53380-22-6,pesticide,metabolite,pertinent_par_defaut,0.1,µg/L,Limite de qualité réglementaire valable pour chaque substance active pesticide et métabolite pertinent,,,0.142,µg/L,Valeur recommandée par le HCSP en l'absence de Vmax ou VST,,,,Ethiofencarb sulfoxyde,,
FLAMPM,6539,FLAMPROP-MÉTHYL,Flamprop-méthyl,52756-25-9,pesticide,sub_active,,0.1,µg/L,Limite de qualité réglementaire valable pour chaque substance active pesticide et métabolite pertinent,,,0.142,µg/L,Valeur recommandée par le HCSP en l'absence de Vmax ou VST,,,,Flamprop-méthyl,,
FLUAZF,6545,FLUAZIFOP,Fluazifop,69335-91-7,pesticide,sub_active,,0.1,µg/L,Limite de qualité réglementaire valable pour chaque substance active pesticide et métabolite pertinent,,,0.142,µg/L,Valeur recommandée par le HCSP en l'absence de Vmax ou VST,,,,Fluazifop,,
MCPABE,6552,"2,4-D-BUTOTYL","2,4-D-butotyl",1929-73-3,pesticide,sub_active,,0.1,µg/L,Limite de qualité réglementaire valable pour chaque substance active pesticide et métabolite pertinent,,,0.142,µg/L,Valeur recommandée par le HCSP en l'absence de Vmax ou VST,,,,"2,4-D-butotyl",,
KEP5BH,6577,CHLORDECONE 5B HYDRO,Chlordecone 5b Hydro,53308-47-7,pesticide,metabolite,pertinent_par_defaut,0.1,µg/L,Limite de qualité réglementaire valable pour chaque substance active pesticide et métabolite pertinent,,,0.142,µg/L,Valeur recommandée par le HCSP en l'absence de Vmax ou VST,,,,Chlordecone 5b Hydro,,
ANILO,6594,ANILOPHOS,Anilophos,64249-01-0,pesticide,sub_active,,0.1,µg/L,Limite de qualité réglementaire valable pour chaque substance active pesticide et métabolite pertinent,,,0.142,µg/L,Valeur recommandée par le HCSP en l'absence de Vmax ou VST,,,,Anilophos,,
BENSLD,6595,BENSULIDE,Bensulide,741-58-2,pesticide,sub_active,,0.1,µg/L,Limite de qualité réglementaire valable pour chaque substance active pesticide et métabolite pertinent,,,0.142,µg/L,Valeur recommandée par le HCSP en l'absence de Vmax ou VST,,,,Bensulide,,
ISCBPS,6596,ISOCARBOPHOS,Isocarbophos,24353-61-5,pesticide,sub_active,,0.1,µg/L,Limite de qualité réglementaire valable pour chaque substance active pesticide et métabolite pertinent,,,0.142,µg/L,Valeur recommandée par le HCSP en l'absence de Vmax ou VST,,,,Isocarbophos,,
ISNRRN,6597,ISONORURON,Isonoruron,28805-78-9,pesticide,sub_active,,0.1,µg/L,Limite de qualité réglementaire valable pour chaque substance active pesticide et métabolite pertinent,,,0.142,µg/L,Valeur recommandée par le HCSP en l'absence de Vmax ou VST,,,,Isonoruron,,
ETNUR,6601,ETHYLENEUREE,Ethyleneuree,120-93-4,pesticide,metabolite,pertinent_par_defaut,0.1,µg/L,Limite de qualité réglementaire valable pour chaque substance active pesticide et métabolite pertinent,,,0.142,µg/L,Valeur recommandée par le HCSP en l'absence de Vmax ou VST,,,,Ethyleneuree,Interdit,Métabolite du manèbe et du mancozèbe
PYCL,6611,PYRACLOFOS,Pyraclofos,77458-01-06,pesticide,sub_active,,0.1,µg/L,Limite de qualité réglementaire valable pour chaque substance active pesticide et métabolite pertinent,,,0.142,µg/L,Valeur recommandée par le HCSP en l'absence de Vmax ou VST,,,,Pyraclofos,,
QUIZPE,6637,QUIZALOFOP-P-ÉTHYL,Quizalofop-p-éthyl,100646-51-3,pesticide,sub_active,,0.1,µg/L,Limite de qualité réglementaire valable pour chaque substance active pesticide et métabolite pertinent,,,0.142,µg/L,Valeur recommandée par le HCSP en l'absence de Vmax ou VST,,,,Quizalofop-p-éthyl,,
ESALCL,6800,ESA ALACHLORE,ESA alachlore,142363-53-9,pesticide,metabolite,non_pertinent,,µg/L,Limite de qualité réglementaire pour les métabolites non pertinents,0.9,µg/L,,µg/L,Pas de restriction de consommation pour les métabolites non pertinents. ,,,,ESA alachlore,Interdit,
LCLESA,6800,ESA ALACHLORE,ESA alachlore,142363-53-9,pesticide,metabolite,non_pertinent,,µg/L,Limite de qualité réglementaire pour les métabolites non pertinents,0.9,µg/L,,µg/L,Pas de restriction de consommation pour les métabolites non pertinents. ,,,,ESA alachlore,Interdit,
MMTA,6803,"2-AMINO-4-METHOXY-6-METHYL-1,3,5-TRIAZINE","2-amino-4-methoxy-6-methyl-1,3,5-triazine",1668-54-8,pesticide,metabolite,pertinent_par_defaut,0.1,µg/L,Limite de qualité réglementaire valable pour chaque substance active pesticide et métabolite pertinent,,,0.142,µg/L,Valeur recommandée par le HCSP en l'absence de Vmax ou VST,,,,"2-amino-4-methoxy-6-methyl-1,3,5-triazine",,
2ANIP,6809,2-AMINO-N-ISO-PROPYLBENZAMIDE,2-amino-N-iso-propylbenzamide,30391-89-0,pesticide,metabolite,pertinent_par_defaut,0.1,µg/L,Limite de qualité réglementaire valable pour chaque substance active pesticide et métabolite pertinent,,,0.142,µg/L,Valeur recommandée par le HCSP en l'absence de Vmax ou VST,,,,2-amino-N-iso-propylbenzamide,,
DMST,6824,"N,N-DIMET-TOLYLSULPHAMID","N,N-Dimet-tolylsulphamid",66840-71-9,pesticide,metabolite,pertinent_par_defaut,0.1,µg/L,Limite de qualité réglementaire valable pour chaque substance active pesticide et métabolite pertinent,,,0.142,µg/L,Valeur recommandée par le HCSP en l'absence de Vmax ou VST,,,,"N,N-Dimet-tolylsulphamid",,
OXAMTC,6853,OXA METOLACHLORE,OXA metolachlore,152019-73-3,pesticide,metabolite,non_pertinent,,µg/L,Limite de qualité réglementaire pour les métabolites non pertinents,0.9,µg/L,,µg/L,Pas de restriction de consommation pour les métabolites non pertinents. ,,,,OXA metolachlore,Interdit,
MTCOXA,6853,OXA METOLACHLORE,OXA metolachlore,152019-73-3,pesticide,metabolite,non_pertinent,,µg/L,Limite de qualité réglementaire pour les métabolites non pertinents,0.9,µg/L,,µg/L,Pas de restriction de consommation pour les métabolites non pertinents. ,,,,OXA metolachlore,Interdit,
ESAMTC,6854,ESA METOLACHLORE,ESA metolachlore,171118-09-5,pesticide,metabolite,non_pertinent,,µg/L,Limite de qualité réglementaire pour les métabolites non pertinents,0.9,µg/L,,µg/L,Pas de restriction de consommation pour les métabolites non pertinents. ,,,,ESA metolachlore,Interdit,
MTCESA,6854,ESA METOLACHLORE,ESA metolachlore,171118-09-5,pesticide,metabolite,non_pertinent,,µg/L,Limite de qualité réglementaire pour les métabolites non pertinents,0.9,µg/L,,µg/L,Pas de restriction de consommation pour les métabolites non pertinents. ,,,,ESA metolachlore,Interdit,
OXALCL,6855,OXA ALACHLORE,OXA alachlore,171262-17-2,pesticide,metabolite,pertinent,0.1,µg/L,Limite de qualité réglementaire valable pour chaque substance active pesticide et métabolite pertinent,,,50,µg/L,Vmax établie par l'Anses en 2014,,,,OXA alachlore,Interdit,
CETCESA,6856,ESA ACETOCHLORE,ESA acetochlore,187022-11-3,pesticide,metabolite,non_pertinent,,µg/L,Limite de qualité réglementaire pour les métabolites non pertinents,0.9,µg/L,,µg/L,Pas de restriction de consommation pour les métabolites non pertinents. ,,,,ESA acetochlore,Interdit,
ESACETC,6856,ESA ACETOCHLORE,ESA acetochlore,187022-11-3,pesticide,metabolite,non_pertinent,,µg/L,Limite de qualité réglementaire pour les métabolites non pertinents,0.9,µg/L,,µg/L,Pas de restriction de consommation pour les métabolites non pertinents. ,,,,ESA acetochlore,Interdit,
CETCOXA,6862,OXA ACETOCHLORE,OXA acetochlore,194992-44-4,pesticide,metabolite,non_pertinent,,µg/L,Limite de qualité réglementaire pour les métabolites non pertinents,0.9,µg/L,,µg/L,Pas de restriction de consommation pour les métabolites non pertinents. ,,,,OXA acetochlore,Interdit,
OXACETC,6862,OXA ACETOCHLORE,OXA acetochlore,194992-44-4,pesticide,metabolite,non_pertinent,,µg/L,Limite de qualité réglementaire pour les métabolites non pertinents,0.9,µg/L,,µg/L,Pas de restriction de consommation pour les métabolites non pertinents. ,,,,OXA acetochlore,Interdit,
OXAFLU,6863,FLUFÉNACET OXA,Flufénacet OXA,201668-31-7,pesticide,metabolite,pertinent_par_defaut,0.1,µg/L,Limite de qualité réglementaire valable pour chaque substance active pesticide et métabolite pertinent,,,8.8,µg/L,Vmax établie par l'Anses en 2026,,,,Flufénacet OXA,Interdit,
ESAFLU,6864,FLUFENACET ESA,Flufenacet ESA,201668-32-8,pesticide,metabolite,pertinent,0.1,µg/L,Limite de qualité réglementaire valable pour chaque substance active pesticide et métabolite pertinent,,,8.8,µg/L,Vmax établie par l'Anses en 2026,,,,Flufenacet ESA,Interdit,
DMTHESA,6865,DIMÉTHÉNAMIDE ESA,Diméthénamide ESA,205939-58-8,pesticide,metabolite,non_pertinent,,µg/L,Limite de qualité réglementaire pour les métabolites non pertinents,0.9,µg/L,,µg/L,Pas de restriction de consommation pour les métabolites non pertinents. ,,,,Diméthénamide ESA,Autorisé,
ESADMTH,6865,DIMÉTHÉNAMIDE ESA,Diméthénamide ESA,205939-58-8,pesticide,metabolite,non_pertinent,,µg/L,Limite de qualité réglementaire pour les métabolites non pertinents,0.9,µg/L,,µg/L,Pas de restriction de consommation pour les métabolites non pertinents. ,,,,Diméthénamide ESA,Autorisé,
PPCHL_E,6887,PROPACHLORE ESA,Propachlore ESA,123732-85-4,pesticide,metabolite,pertinent_par_defaut,0.1,µg/L,Limite de qualité réglementaire valable pour chaque substance active pesticide et métabolite pertinent,,,0.142,µg/L,Valeur recommandée par le HCSP en l'absence de Vmax ou VST,,,,Propachlore ESA,,
OXAMTZC,6894,OXA METAZACHLORE,OXA metazachlore,1231244-60-2,pesticide,metabolite,non_pertinent,,µg/L,Limite de qualité réglementaire pour les métabolites non pertinents,0.9,µg/L,,µg/L,Pas de restriction de consommation pour les métabolites non pertinents. ,,,,OXA metazachlore,Autorisé,
MTZCOXA,6894,OXA METAZACHLORE,OXA metazachlore,1231244-60-2,pesticide,metabolite,non_pertinent,,µg/L,Limite de qualité réglementaire pour les métabolites non pertinents,0.9,µg/L,,µg/L,Pas de restriction de consommation pour les métabolites non pertinents. ,,,,OXA metazachlore,Autorisé,
MTZCESA,6895,ESA METAZACHLORE,ESA metazachlore,172960-62-2,pesticide,metabolite,non_pertinent,,µg/L,Limite de qualité réglementaire pour les métabolites non pertinents,0.9,µg/L,,µg/L,Pas de restriction de consommation pour les métabolites non pertinents. ,,,,ESA metazachlore,Autorisé,
ESAMTZC,6895,ESA METAZACHLORE,ESA metazachlore,172960-62-2,pesticide,metabolite,non_pertinent,,µg/L,Limite de qualité réglementaire pour les métabolites non pertinents,0.9,µg/L,,µg/L,Pas de restriction de consommation pour les métabolites non pertinents. ,,,,ESA metazachlore,Autorisé,
MCPAEE,6942,"2,4-D 2-ETHYLHEXYL","2,4-D 2-Ethylhexyl",1928-43-4,pesticide,sub_active,,0.1,µg/L,Limite de qualité réglementaire valable pour chaque substance active pesticide et métabolite pertinent,,,0.142,µg/L,Valeur recommandée par le HCSP en l'absence de Vmax ou VST,,,,"2,4-D 2-Ethylhexyl",,
PARATH,6947,PARATHIONS (ÉTHYL+MÉTHYL),Parathions (éthyl+méthyl),,pesticide,sub_active,,0.1,µg/L,Limite de qualité réglementaire valable pour chaque substance active pesticide et métabolite pertinent,,,0.142,µg/L,Valeur recommandée par le HCSP en l'absence de Vmax ou VST,,,,Parathions (éthyl+méthyl),,
PRPA,6964,PROPAPHOS,Propaphos,7292-16-2,pesticide,sub_active,,0.1,µg/L,Limite de qualité réglementaire valable pour chaque substance active pesticide et métabolite pertinent,,,0.142,µg/L,Valeur recommandée par le HCSP en l'absence de Vmax ou VST,,,,Propaphos,,
DIMET,6972,DIMÉTHYLVINPHOS,Diméthylvinphos,2274-67-1,pesticide,sub_active,,0.1,µg/L,Limite de qualité réglementaire valable pour chaque substance active pesticide et métabolite pertinent,,,0.142,µg/L,Valeur recommandée par le HCSP en l'absence de Vmax ou VST,,,,Diméthylvinphos,,
CLAHA,7010,CHLORDANE ALPHA,Chlordane alpha,5103-71-9,pesticide,sub_active,,0.1,µg/L,Limite de qualité réglementaire valable pour chaque substance active pesticide et métabolite pertinent,,,0.142,µg/L,Valeur recommandée par le HCSP en l'absence de Vmax ou VST,,,,Chlordane alpha,,
BUTIL,7038,BUTILATE,Butilate,2008-41-5,pesticide,sub_active,,0.1,µg/L,Limite de qualité réglementaire valable pour chaque substance active pesticide et métabolite pertinent,,,0.142,µg/L,Valeur recommandée par le HCSP en l'absence de Vmax ou VST,,,,Butilate,,
PINOX,7057,PINOXADEN,Pinoxaden,243973-20-8,pesticide,sub_active,,0.1,µg/L,Limite de qualité réglementaire valable pour chaque substance active pesticide et métabolite pertinent,,,0.142,µg/L,Valeur recommandée par le HCSP en l'absence de Vmax ou VST,,,,Pinoxaden,,
TEMBO,7086,TEMBOTRIONE,Tembotrione,335104-84-2,pesticide,sub_active,,0.1,µg/L,Limite de qualité réglementaire valable pour chaque substance active pesticide et métabolite pertinent,,,0.142,µg/L,Valeur recommandée par le HCSP en l'absence de Vmax ou VST,,,,Tembotrione,,
TRITO,7087,TRITOSULFURON,Tritosulfuron,142469-14-5,pesticide,sub_active,,0.1,µg/L,Limite de qualité réglementaire valable pour chaque substance active pesticide et métabolite pertinent,,,0.142,µg/L,Valeur recommandée par le HCSP en l'absence de Vmax ou VST,,,,Tritosulfuron,,
TNC,7097,TRANS-NONACHLORE,Trans-nonachlore,39765-80-5,pesticide,sub_active,,0.1,µg/L,Limite de qualité réglementaire valable pour chaque substance active pesticide et métabolite pertinent,,,0.142,µg/L,Valeur recommandée par le HCSP en l'absence de Vmax ou VST,,,,Trans-nonachlore,,
DIQDBMD,7142,DIQUAT DIBROMIDE,Diquat dibromide,85-00-7,pesticide,sub_active,,0.1,µg/L,Limite de qualité réglementaire valable pour chaque substance active pesticide et métabolite pertinent,,,6,µg/L,Vmax établie par l'Anses en 2008,,,,Diquat dibromide,,
DIMEP,7142,DIMÉPIPÉRATE,Dimépipérate,61432-55-1,pesticide,sub_active,,0.1,µg/L,Limite de qualité réglementaire valable pour chaque substance active pesticide et métabolite pertinent,,,0.142,µg/L,Valeur recommandée par le HCSP en l'absence de Vmax ou VST,,,,Dimépipérate,,
MEXAC,7143,MEXACARBATE,Mexacarbate,315-18-4,pesticide,sub_active,,0.1,µg/L,Limite de qualité réglementaire valable pour chaque substance active pesticide et métabolite pertinent,,,0.142,µg/L,Valeur recommandée par le HCSP en l'absence de Vmax ou VST,,,,Mexacarbate,,
DD_S2,7146,"SOMME DDD44',DDE44',DDT24',DDT44'","Somme DDD44',DDE44',DDT24',DDT44'",,pesticide,metabolite,pertinent_par_defaut,0.1,µg/L,Limite de qualité réglementaire valable pour chaque substance active pesticide et métabolite pertinent,,,0.142,µg/L,Valeur recommandée par le HCSP en l'absence de Vmax ou VST,,,,"Somme DDD44',DDE44',DDT24',DDT44'",,
CARPRO,7147,CARPROPAMIDE,Carpropamide,104030-54-8,pesticide,sub_active,,0.1,µg/L,Limite de qualité réglementaire valable pour chaque substance active pesticide et métabolite pertinent,,,0.142,µg/L,Valeur recommandée par le HCSP en l'absence de Vmax ou VST,,,,Carpropamide,,
BTCBX,7148,BUTOCARBOXIM,Butocarboxim,34681-10-2,pesticide,sub_active,,0.1,µg/L,Limite de qualité réglementaire valable pour chaque substance active pesticide et métabolite pertinent,,,0.142,µg/L,Valeur recommandée par le HCSP en l'absence de Vmax ou VST,,,,Butocarboxim,,
PHRTS,7149,PHORATE SULFONE,Phorate Sulfone,2588-04-07,pesticide,metabolite,pertinent_par_defaut,0.1,µg/L,Limite de qualité réglementaire valable pour chaque substance active pesticide et métabolite pertinent,,,0.142,µg/L,Valeur recommandée par le HCSP en l'absence de Vmax ou VST,,,,Phorate Sulfone,,
TBZDESH,7150,TERBUTHYLAZIN DÉSÉTHYL-2-HYDROXY,Terbuthylazin déséthyl-2-hydroxy,66753-06-08,pesticide,metabolite,pertinent_par_defaut,0.1,µg/L,Limite de qualité réglementaire valable pour chaque substance active pesticide et métabolite pertinent,,,0.142,µg/L,Valeur recommandée par le HCSP en l'absence de Vmax ou VST,,,,Terbuthylazin déséthyl-2-hydroxy,,
PYROX,7340,PYROXSULAME,Pyroxsulame,422556-08-9,pesticide,sub_active,,0.1,µg/L,Limite de qualité réglementaire valable pour chaque substance active pesticide et métabolite pertinent,,,0.142,µg/L,Valeur recommandée par le HCSP en l'absence de Vmax ou VST,,,,Pyroxsulame,,
FLUXA,7342,FLUXAPYROXAD,Fluxapyroxad,907204-31-3,pesticide,sub_active,,0.1,µg/L,Limite de qualité réglementaire valable pour chaque substance active pesticide et métabolite pertinent,,,44,µg/L,Vmax établie par l'Anses en 2020,,,,Fluxapyroxad,Autorisé,
BIX,7345,BIXAFEN,Bixafen,581809-46-3,pesticide,sub_active,,0.1,µg/L,Limite de qualité réglementaire valable pour chaque substance active pesticide et métabolite pertinent,,,0.142,µg/L,Valeur recommandée par le HCSP en l'absence de Vmax ou VST,,,,Bixafen,,
PROQUI,7422,PROQUINAZID,Proquinazid,189278-12-4,pesticide,sub_active,,0.1,µg/L,Limite de qualité réglementaire valable pour chaque substance active pesticide et métabolite pertinent,,,0.142,µg/L,Valeur recommandée par le HCSP en l'absence de Vmax ou VST,,,,Proquinazid,,
BAM,7423,BENALAXYL-M,Benalaxyl-M,98243-83-5,pesticide,sub_active,,0.1,µg/L,Limite de qualité réglementaire valable pour chaque substance active pesticide et métabolite pertinent,,,0.142,µg/L,Valeur recommandée par le HCSP en l'absence de Vmax ou VST,,,,Benalaxyl-M,,
SPINOA,7438,SPINOSYNE A,Spinosyne A,131929-60-7,pesticide,sub_active,,0.1,µg/L,Limite de qualité réglementaire valable pour chaque substance active pesticide et métabolite pertinent,,,0.142,µg/L,Valeur recommandée par le HCSP en l'absence de Vmax ou VST,,,,Spinosyne A,,
SPINOD,7439,SPINOSYNE D,Spinosyne D,131929-63-0,pesticide,sub_active,,0.1,µg/L,Limite de qualité réglementaire valable pour chaque substance active pesticide et métabolite pertinent,,,0.142,µg/L,Valeur recommandée par le HCSP en l'absence de Vmax ou VST,,,,Spinosyne D,,
FRAZ,7441,FURILAZOLE,Furilazole,121776-33-8,pesticide,sub_active,,0.1,µg/L,Limite de qualité réglementaire valable pour chaque substance active pesticide et métabolite pertinent,,,0.142,µg/L,Valeur recommandée par le HCSP en l'absence de Vmax ou VST,,,,Furilazole,,
PRXP,7442,PROXIMPHAN,Proximphan,2828-42-4,pesticide,sub_active,,0.1,µg/L,Limite de qualité réglementaire valable pour chaque substance active pesticide et métabolite pertinent,,,0.142,µg/L,Valeur recommandée par le HCSP en l'absence de Vmax ou VST,,,,Proximphan,,
BENVCI,7460,BENTHIAVALICARBE-ISOPROPYL,Benthiavalicarbe-isopropyl,177406-68-7,pesticide,sub_active,,0.1,µg/L,Limite de qualité réglementaire valable pour chaque substance active pesticide et métabolite pertinent,,,0.142,µg/L,Valeur recommandée par le HCSP en l'absence de Vmax ou VST,,,,Benthiavalicarbe-isopropyl,,
UNCAZ,7482,UNICONAZOLE,Uniconazole,83657-22-1,pesticide,sub_active,,0.1,µg/L,Limite de qualité réglementaire valable pour chaque substance active pesticide et métabolite pertinent,,,0.142,µg/L,Valeur recommandée par le HCSP en l'absence de Vmax ou VST,,,,Uniconazole,,
FLPIDE,7499,FLUOPICOLIDE,Fluopicolide,239110-15-7,pesticide,sub_active,,0.1,µg/L,Limite de qualité réglementaire valable pour chaque substance active pesticide et métabolite pertinent,,,0.142,µg/L,Valeur recommandée par le HCSP en l'absence de Vmax ou VST,,,,Fluopicolide,,
CANT,7500,CHLORANTRANILIPROLE,Chlorantraniliprole,500008-45-7,pesticide,sub_active,,0.1,µg/L,Limite de qualité réglementaire valable pour chaque substance active pesticide et métabolite pertinent,,,0.142,µg/L,Valeur recommandée par le HCSP en l'absence de Vmax ou VST,,,,Chlorantraniliprole,,
ALLYXY,7501,ALLYXYCARBE,Allyxycarbe,6392-46-7,pesticide,sub_active,,0.1,µg/L,Limite de qualité réglementaire valable pour chaque substance active pesticide et métabolite pertinent,,,0.142,µg/L,Valeur recommandée par le HCSP en l'absence de Vmax ou VST,,,,Allyxycarbe,,
BUFENC,7502,BUFENCARBE,Bufencarbe,8065-36-9,pesticide,sub_active,,0.1,µg/L,Limite de qualité réglementaire valable pour chaque substance active pesticide et métabolite pertinent,,,0.142,µg/L,Valeur recommandée par le HCSP en l'absence de Vmax ou VST,,,,Bufencarbe,,
CYTHIO,7503,CYTHIOATE,Cythioate,115-93-5,pesticide,sub_active,,0.1,µg/L,Limite de qualité réglementaire valable pour chaque substance active pesticide et métabolite pertinent,,,0.142,µg/L,Valeur recommandée par le HCSP en l'absence de Vmax ou VST,,,,Cythioate,,
KARBUT,7505,KARBUTILATE,Karbutilate,4849-32-5,pesticide,sub_active,,0.1,µg/L,Limite de qualité réglementaire valable pour chaque substance active pesticide et métabolite pertinent,,,0.142,µg/L,Valeur recommandée par le HCSP en l'absence de Vmax ou VST,,,,Karbutilate,,
SPITET,7506,SPIROTETRAMAT,Spirotetramat,203313-25-1,pesticide,sub_active,,0.1,µg/L,Limite de qualité réglementaire valable pour chaque substance active pesticide et métabolite pertinent,,,0.142,µg/L,Valeur recommandée par le HCSP en l'absence de Vmax ou VST,,,,Spirotetramat,,
IPCONA,7508,IPCONAZOLE,Ipconazole,125225-28-7,pesticide,sub_active,,0.1,µg/L,Limite de qualité réglementaire valable pour chaque substance active pesticide et métabolite pertinent,,,0.142,µg/L,Valeur recommandée par le HCSP en l'absence de Vmax ou VST,,,,Ipconazole,,
PTPD,7509,PENTHIOPYRAD,Penthiopyrad,183675-82-3,pesticide,sub_active,,0.1,µg/L,Limite de qualité réglementaire valable pour chaque substance active pesticide et métabolite pertinent,,,0.142,µg/L,Valeur recommandée par le HCSP en l'absence de Vmax ou VST,,,,Penthiopyrad,,
IMBCAZ,7510,IMIBENCONAZOLE,Imibenconazole,86598-92-7,pesticide,sub_active,,0.1,µg/L,Limite de qualité réglementaire valable pour chaque substance active pesticide et métabolite pertinent,,,0.142,µg/L,Valeur recommandée par le HCSP en l'absence de Vmax ou VST,,,,Imibenconazole,,
TEBUPI,7511,TEBUPIRIMFOS,Tebupirimfos,96182-53-5,pesticide,sub_active,,0.1,µg/L,Limite de qualité réglementaire valable pour chaque substance active pesticide et métabolite pertinent,,,0.142,µg/L,Valeur recommandée par le HCSP en l'absence de Vmax ou VST,,,,Tebupirimfos,,
THIOCY2,7512,THIOCYCLAM HYDROGEN OXALATE,Thiocyclam hydrogen oxalate,31895-22-4,pesticide,sub_active,,0.1,µg/L,Limite de qualité réglementaire valable pour chaque substance active pesticide et métabolite pertinent,,,0.142,µg/L,Valeur recommandée par le HCSP en l'absence de Vmax ou VST,,,,Thiocyclam hydrogen oxalate,,
FCLAZE,7513,FENCHLORAZOLE ETHYL,Fenchlorazole ethyl,103112-35-2,pesticide,sub_active,,0.1,µg/L,Limite de qualité réglementaire valable pour chaque substance active pesticide et métabolite pertinent,,,0.142,µg/L,Valeur recommandée par le HCSP en l'absence de Vmax ou VST,,,,Fenchlorazole ethyl,,
THIOPE,7514,THIOPHANATE ETHYL,Thiophanate ethyl,23564-06-09,pesticide,sub_active,,0.1,µg/L,Limite de qualité réglementaire valable pour chaque substance active pesticide et métabolite pertinent,,,0.142,µg/L,Valeur recommandée par le HCSP en l'absence de Vmax ou VST,,,,Thiophanate ethyl,,
AMIPRM,7516,AMIPROFOS-METHYL,Amiprofos-methyl,36001-88-4,pesticide,sub_active,,0.1,µg/L,Limite de qualité réglementaire valable pour chaque substance active pesticide et métabolite pertinent,,,0.142,µg/L,Valeur recommandée par le HCSP en l'absence de Vmax ou VST,,,,Amiprofos-methyl,,
TCM,7517,THIENCARBAZONE-METHYL,Thiencarbazone-methyl,317815-83-1,pesticide,sub_active,,0.1,µg/L,Limite de qualité réglementaire valable pour chaque substance active pesticide et métabolite pertinent,,,0.142,µg/L,Valeur recommandée par le HCSP en l'absence de Vmax ou VST,,,,Thiencarbazone-methyl,,
PETHO,7519,PETHOXAMIDE,Pethoxamide,106700-29-2,pesticide,sub_active,,0.1,µg/L,Limite de qualité réglementaire valable pour chaque substance active pesticide et métabolite pertinent,,,0.142,µg/L,Valeur recommandée par le HCSP en l'absence de Vmax ou VST,,,,Pethoxamide,Autorisé,
ZCYINE,7521,ZETACYPERMETHRINE,Zetacypermethrine,97955-44-7,pesticide,sub_active,,0.1,µg/L,Limite de qualité réglementaire valable pour chaque substance active pesticide et métabolite pertinent,,,0.142,µg/L,Valeur recommandée par le HCSP en l'absence de Vmax ou VST,,,,Zetacypermethrine,,
BEFLU,7522,BEFLUBUTAMIDE,Beflubutamide,113614-08-7,pesticide,sub_active,,0.1,µg/L,Limite de qualité réglementaire valable pour chaque substance active pesticide et métabolite pertinent,,,0.142,µg/L,Valeur recommandée par le HCSP en l'absence de Vmax ou VST,,,,Beflubutamide,,
AMINP,7580,AMINOPYRALID,Aminopyralid,150114-71-9,pesticide,sub_active,,0.1,µg/L,Limite de qualité réglementaire valable pour chaque substance active pesticide et métabolite pertinent,,,0.142,µg/L,Valeur recommandée par le HCSP en l'absence de Vmax ou VST,,,,Aminopyralid,Autorisé,
HMTRIM,7585,HEPTAMETHYLTRISILOXANE MODIFIÉ,heptamethyltrisiloxane modifié,27306-78-1,pesticide,sub_active,,0.1,µg/L,Limite de qualité réglementaire valable pour chaque substance active pesticide et métabolite pertinent,,,0.142,µg/L,Valeur recommandée par le HCSP en l'absence de Vmax ou VST,,,,heptamethyltrisiloxane modifié,,
PHTHA,7587,PHTHALIMIDE,Phthalimide,85-41-6,pesticide,metabolite,pertinent_par_defaut,0.1,µg/L,Limite de qualité réglementaire valable pour chaque substance active pesticide et métabolite pertinent,,,0.142,µg/L,Valeur recommandée par le HCSP en l'absence de Vmax ou VST,,,,Phthalimide,Autorisé,Métabolite du folpel
THPL,7588,TÉTRAHYDROPHTHALIMIDE,Tétrahydrophthalimide,85-40-5,pesticide,metabolite,pertinent_par_defaut,0.1,µg/L,Limite de qualité réglementaire valable pour chaque substance active pesticide et métabolite pertinent,,,0.142,µg/L,Valeur recommandée par le HCSP en l'absence de Vmax ou VST,,,,Tétrahydrophthalimide,,
DMSA,7618,"N,N-DIMÉTHYL-N'-PHÉNYLSULFAMIDE","N,N-diméthyl-N'-phénylsulfamide",4710-17-2,pesticide,metabolite,pertinent_par_defaut,0.1,µg/L,Limite de qualité réglementaire valable pour chaque substance active pesticide et métabolite pertinent,,,0.142,µg/L,Valeur recommandée par le HCSP en l'absence de Vmax ou VST,,,,"N,N-diméthyl-N'-phénylsulfamide",Interdit,Métabolite du dichlofluanide
FLUOPYR,7649,FLUOPYRAM,Fluopyram,658066-35-4,pesticide,sub_active,,0.1,µg/L,Limite de qualité réglementaire valable pour chaque substance active pesticide et métabolite pertinent,,,8.8,µg/L,Vmax établie par l'Anses en 2026,,,,Fluopyram,Autorisé,
CLTHA4H,7715,CHLOROTHALONIL-4-HYDROXY,Chlorothalonil-4-hydroxy,28343-61-5,pesticide,metabolite,pertinent_par_defaut,0.1,µg/L,Limite de qualité réglementaire valable pour chaque substance active pesticide et métabolite pertinent,,,4.29,µg/L,Valeur sanitaire transitoire (incluant un intervalle de confiance de 30%) établie par l'agence allemande UBA (utilisée en l'absence de Vmax fixée par l'Anses),,,,Chlorothalonil-4-hydroxy,Interdit,
ASDM,7716,"2-AMINOSULFONYL-N,N-DIMETHYLNICOTIN","2-Aminosulfonyl-N,N-dimethylnicotin",112006-75-4,pesticide,metabolite,pertinent_par_defaut,0.1,µg/L,Limite de qualité réglementaire valable pour chaque substance active pesticide et métabolite pertinent,,,2700,µg/L,Vmax établie par l'Anses en 2026,,,,"2-Aminosulfonyl-N,N-dimethylnicotin",Autorisé,Métabolite du nicosulfuron
CLTHALS,7717,CHLOROTHALONIL R417888,Chlorothalonil R417888,1418095-02-9,pesticide,metabolite,pertinent,0.1,µg/L,Limite de qualité réglementaire valable pour chaque substance active pesticide et métabolite pertinent,,,4.29,µg/L,Valeur sanitaire transitoire (incluant un intervalle de confiance de 30%) établie par l'agence allemande UBA (utilisée en l'absence de Vmax fixée par l'Anses),,,,Chlorothalonil R417888,Interdit,
ACETSAA,7718,SAA ACÉTOCHLORE,SAA Acétochlore,618113-86-3,pesticide,metabolite,pertinent_par_defaut,0.1,µg/L,Limite de qualité réglementaire valable pour chaque substance active pesticide et métabolite pertinent,,,0.142,µg/L,Valeur recommandée par le HCSP en l'absence de Vmax ou VST,,,,SAA Acétochlore,,
AUSN,7719,AUSN,"2-[(carbamimidoylcarbamoyl)sulfamoyl]-N,Ndimethylpyridine-3-carboxamid",2307738-55-0,pesticide,metabolite,pertinent_par_defaut,0.1,µg/L,Limite de qualité réglementaire valable pour chaque substance active pesticide et métabolite pertinent,,,0.142,µg/L,Valeur recommandée par le HCSP en l'absence de Vmax ou VST,,,,"2-[(carbamimidoylcarbamoyl)sulfamoyl]-N,Ndimethylpyridine-3-carboxamid",Autorisé,Métabolite du nicosulfuron
QUINO,7723,QUINOCLAMINE,Quinoclamine,2797-51-5,pesticide,sub_active,,0.1,µg/L,Limite de qualité réglementaire valable pour chaque substance active pesticide et métabolite pertinent,,,0.142,µg/L,Valeur recommandée par le HCSP en l'absence de Vmax ou VST,,,,Quinoclamine,,
SEDAX,7724,SEDAXANE,Sedaxane,874967-67-6,pesticide,sub_active,,0.1,µg/L,Limite de qualité réglementaire valable pour chaque substance active pesticide et métabolite pertinent,,,0.142,µg/L,Valeur recommandée par le HCSP en l'absence de Vmax ou VST,,,,Sedaxane,,
ESADIM1,7727,CGA 369873,CGA 369873,,pesticide,metabolite,non_pertinent,,µg/L,Limite de qualité réglementaire pour les métabolites non pertinents,0.9,µg/L,,µg/L,Pas de restriction de consommation pour les métabolites non pertinents. ,,,,CGA 369873,Autorisé,Métabolite du diméthachlore
DIM1ESA,7727,CGA 369873,CGA 369873,,pesticide,metabolite,non_pertinent,,µg/L,Limite de qualité réglementaire pour les métabolites non pertinents,0.9,µg/L,,µg/L,Pas de restriction de consommation pour les métabolites non pertinents. ,,,,CGA 369873,Autorisé,Métabolite du diméthachlore
MTCNOA,7729,METOLACHLOR NOA 413173,Metolachlor NOA 413173,1418095-19-8,pesticide,metabolite,non_pertinent,,µg/L,Limite de qualité réglementaire pour les métabolites non pertinents,0.9,µg/L,,µg/L,Pas de restriction de consommation pour les métabolites non pertinents. ,,,,Metolachlor NOA 413173,Interdit,
NOAMTC,7729,METOLACHLOR NOA 413173,Metolachlor NOA 413173,1418095-19-8,pesticide,metabolite,non_pertinent,,µg/L,Limite de qualité réglementaire pour les métabolites non pertinents,0.9,µg/L,,µg/L,Pas de restriction de consommation pour les métabolites non pertinents. ,,,,Metolachlor NOA 413173,Interdit,
MTC3682,7730,MÉTOLACHLORE MÉTABOLITE CGA 368208,Métolachlore métabolite CGA 368208,1173021-76-5,pesticide,metabolite,pertinent_par_defaut,0.1,µg/L,Limite de qualité réglementaire valable pour chaque substance active pesticide et métabolite pertinent,,,1.43,µg/L,Valeur sanitaire transitoire (incluant un intervalle de confiance de 30%) établie par l'agence allemande UBA (utilisée en l'absence de Vmax fixée par l'Anses),,,,Métolachlore métabolite CGA 368208,,
MTC3577,7731,MÉTOLACHLORE MÉTABOLITE CGA 357704,Métolachlore métabolite CGA 357704,1217465-10-5,pesticide,metabolite,pertinent_par_defaut,0.1,µg/L,Limite de qualité réglementaire valable pour chaque substance active pesticide et métabolite pertinent,,,1.43,µg/L,Valeur sanitaire transitoire (incluant un intervalle de confiance de 30%) établie par l'agence allemande UBA (utilisée en l'absence de Vmax fixée par l'Anses),,,,Métolachlore métabolite CGA 357704,,
DMTHOXA,7735,DIMÉTHÉNAMIDE OXA,Diméthénamide OXA,380412-59-9,pesticide,metabolite,non_pertinent,,µg/L,Limite de qualité réglementaire pour les métabolites non pertinents,0.9,µg/L,,µg/L,Pas de restriction de consommation pour les métabolites non pertinents. ,,,,Diméthénamide OXA,Autorisé,
OXADMTH,7735,DIMÉTHÉNAMIDE OXA,Diméthénamide OXA,380412-59-9,pesticide,metabolite,non_pertinent,,µg/L,Limite de qualité réglementaire pour les métabolites non pertinents,0.9,µg/L,,µg/L,Pas de restriction de consommation pour les métabolites non pertinents. ,,,,Diméthénamide OXA,Autorisé,
PPCHL_O,7736,PROPACHLORE OXA,Propachlore OXA,70628-36-3,pesticide,metabolite,pertinent_par_defaut,0.1,µg/L,Limite de qualité réglementaire valable pour chaque substance active pesticide et métabolite pertinent,,,0.142,µg/L,Valeur recommandée par le HCSP en l'absence de Vmax ou VST,,,,Propachlore OXA,,
SPIMES,7738,SPIROMESIFEN,Spiromesifen,283594-90-1,pesticide,sub_active,,0.1,µg/L,Limite de qualité réglementaire valable pour chaque substance active pesticide et métabolite pertinent,,,0.142,µg/L,Valeur recommandée par le HCSP en l'absence de Vmax ou VST,,,,Spiromesifen,,
CYFLU,7748,CYFLUFENAMIDE,Cyflufenamide,180409-60-3,pesticide,sub_active,,0.1,µg/L,Limite de qualité réglementaire valable pour chaque substance active pesticide et métabolite pertinent,,,0.142,µg/L,Valeur recommandée par le HCSP en l'absence de Vmax ou VST,,,,Cyflufenamide,,
D-CTOL,7782,DESMÉTHYL-CHLORTOLURON,Desméthyl-chlortoluron,22175-22-0,pesticide,metabolite,pertinent_par_defaut,0.1,µg/L,Limite de qualité réglementaire valable pour chaque substance active pesticide et métabolite pertinent,,,0.142,µg/L,Valeur recommandée par le HCSP en l'absence de Vmax ou VST,,,,Desméthyl-chlortoluron,,
CYSUL,7801,CYPROSULFAMIDE,Cyprosulfamide,221667-31-8,pesticide,sub_active,,0.1,µg/L,Limite de qualité réglementaire valable pour chaque substance active pesticide et métabolite pertinent,,,0.142,µg/L,Valeur recommandée par le HCSP en l'absence de Vmax ou VST,,,,Cyprosulfamide,Autorisé,
AMETO,7842,AMETOCTRADINE,Ametoctradine,865318-97-4,pesticide,sub_active,,0.1,µg/L,Limite de qualité réglementaire valable pour chaque substance active pesticide et métabolite pertinent,,,0.142,µg/L,Valeur recommandée par le HCSP en l'absence de Vmax ou VST,,,,Ametoctradine,,
CYTP,7871,CYANTRANILIPROLE,Cyantraniliprole,736994-63-1,pesticide,sub_active,,0.1,µg/L,Limite de qualité réglementaire valable pour chaque substance active pesticide et métabolite pertinent,,,0.142,µg/L,Valeur recommandée par le HCSP en l'absence de Vmax ou VST,,,,Cyantraniliprole,,
OTP,7872,OXATHIAPIPROLIN,Oxathiapiprolin,1003318-67-9,pesticide,sub_active,,0.1,µg/L,Limite de qualité réglementaire valable pour chaque substance active pesticide et métabolite pertinent,,,0.142,µg/L,Valeur recommandée par le HCSP en l'absence de Vmax ou VST,,,,Oxathiapiprolin,,
PRODES,7936,PROTHIOCONAZOLE-DESTHIO,Prothioconazole-Desthio,120983-64-4,pesticide,metabolite,pertinent_par_defaut,0.1,µg/L,Limite de qualité réglementaire valable pour chaque substance active pesticide et métabolite pertinent,,,0.142,µg/L,Valeur recommandée par le HCSP en l'absence de Vmax ou VST,,,,Prothioconazole-Desthio,,
SPINE,8041,SPINETORAM,Spinetoram,935545-74-7,pesticide,sub_active,,0.1,µg/L,Limite de qualité réglementaire valable pour chaque substance active pesticide et métabolite pertinent,,,0.142,µg/L,Valeur recommandée par le HCSP en l'absence de Vmax ou VST,,,,Spinetoram,,
AMISUL,8043,AMISULBRON,Amisulbron,348635-87-0,pesticide,sub_active,,0.1,µg/L,Limite de qualité réglementaire valable pour chaque substance active pesticide et métabolite pertinent,,,0.142,µg/L,Valeur recommandée par le HCSP en l'absence de Vmax ou VST,,,,Amisulbron,,
SPIDIC,8044,SPIRODICLOFEN,Spirodiclofen,148477-71-8,pesticide,sub_active,,0.1,µg/L,Limite de qualité réglementaire valable pour chaque substance active pesticide et métabolite pertinent,,,0.142,µg/L,Valeur recommandée par le HCSP en l'absence de Vmax ou VST,,,,Spirodiclofen,,
VALIF,8045,VALIFENALATE,Valifenalate,283159-90-0,pesticide,sub_active,,0.1,µg/L,Limite de qualité réglementaire valable pour chaque substance active pesticide et métabolite pertinent,,,0.142,µg/L,Valeur recommandée par le HCSP en l'absence de Vmax ou VST,,,,Valifenalate,,
PROFOX,8046,PROFOXYDIM,Profoxydim,139001-49-3,pesticide,sub_active,,0.1,µg/L,Limite de qualité réglementaire valable pour chaque substance active pesticide et métabolite pertinent,,,0.142,µg/L,Valeur recommandée par le HCSP en l'absence de Vmax ou VST,,,,Profoxydim,,
ACEQ,8047,ACEQUINOCYL,Acequinocyl,57960-19-7,pesticide,sub_active,,0.1,µg/L,Limite de qualité réglementaire valable pour chaque substance active pesticide et métabolite pertinent,,,0.142,µg/L,Valeur recommandée par le HCSP en l'absence de Vmax ou VST,,,,Acequinocyl,,
EMAM,8102,EMAMECTINE,Emamectine,119791-41-2,pesticide,sub_active,,0.1,µg/L,Limite de qualité réglementaire valable pour chaque substance active pesticide et métabolite pertinent,,,0.142,µg/L,Valeur recommandée par le HCSP en l'absence de Vmax ou VST,,,,Emamectine,,
AZA,8582,AZADIRACHTIN,Azadirachtin,11141-17-6,pesticide,sub_active,,0.1,µg/L,Limite de qualité réglementaire valable pour chaque substance active pesticide et métabolite pertinent,,,0.142,µg/L,Valeur recommandée par le HCSP en l'absence de Vmax ou VST,,,,Azadirachtin,,
PYRF,8583,PYRIOFENONE,Pyriofenone,688046-61-9,pesticide,sub_active,,0.1,µg/L,Limite de qualité réglementaire valable pour chaque substance active pesticide et métabolite pertinent,,,0.142,µg/L,Valeur recommandée par le HCSP en l'absence de Vmax ou VST,,,,Pyriofenone,,
HALM,8664,HALAUXIFEN-METHYL,Halauxifen-methyl,943831-98-9,pesticide,sub_active,,0.1,µg/L,Limite de qualité réglementaire valable pour chaque substance active pesticide et métabolite pertinent,,,0.142,µg/L,Valeur recommandée par le HCSP en l'absence de Vmax ou VST,,,,Halauxifen-methyl,,
MFTC,8686,MÉFENTRIFLUCONAZOLE,Méfentrifluconazole,1417782-03-6,pesticide,sub_active,,0.1,µg/L,Limite de qualité réglementaire valable pour chaque substance active pesticide et métabolite pertinent,,,0.142,µg/L,Valeur recommandée par le HCSP en l'absence de Vmax ou VST,,,,Méfentrifluconazole,,
GAINE,8744,GAMMA CYHALOTHRINE,Gamma Cyhalothrine,76703-62-3,pesticide,sub_active,,0.1,µg/L,Limite de qualité réglementaire valable pour chaque substance active pesticide et métabolite pertinent,,,0.142,µg/L,Valeur recommandée par le HCSP en l'absence de Vmax ou VST,,,,Gamma Cyhalothrine,,
CARB3M,8769,METHYL-3-HYDROXYLPHENYLCARBAMATE,Methyl-3-hydroxylphenylcarbamate,13683-89-1,pesticide,metabolite,pertinent_par_defaut,0.1,µg/L,Limite de qualité réglementaire valable pour chaque substance active pesticide et métabolite pertinent,,,0.142,µg/L,Valeur recommandée par le HCSP en l'absence de Vmax ou VST,,,,Methyl-3-hydroxylphenylcarbamate,,
SULFO,8786,SULFOXAFLOR,Sulfoxaflor,946578-00-3,pesticide,sub_active,,0.1,µg/L,Limite de qualité réglementaire valable pour chaque substance active pesticide et métabolite pertinent,,,0.142,µg/L,Valeur recommandée par le HCSP en l'absence de Vmax ou VST,,,,Sulfoxaflor,,
DC42443,8860,DIMÉTHACHLORE CGA 42443,"N-(2,6-dimethylphenyl)-N-(2-methoxyethyl) acétamide",1231710-71-6,pesticide,metabolite,pertinent_par_defaut,0.1,µg/L,Limite de qualité réglementaire valable pour chaque substance active pesticide et métabolite pertinent,,,0.142,µg/L,Valeur recommandée par le HCSP en l'absence de Vmax ou VST,,,,"N-(2,6-dimethylphenyl)-N-(2-methoxyethyl) acétamide",,
471811R,8865,CHLOROTHALONIL R471811,Chlorothalonil R471811,,pesticide,metabolite,non_pertinent,,µg/L,Limite de qualité réglementaire pour les métabolites non pertinents,0.9,µg/L,,µg/L,Pas de restriction de consommation pour les métabolites non pertinents. ,,,,Chlorothalonil R471811,Interdit,
R471811,8865,CHLOROTHALONIL R471811,Chlorothalonil R471811,,pesticide,metabolite,non_pertinent,,µg/L,Limite de qualité réglementaire pour les métabolites non pertinents,0.9,µg/L,,µg/L,Pas de restriction de consommation pour les métabolites non pertinents. ,,,,Chlorothalonil R471811,Interdit,
CLTHAR6,,CHLOROTHALONIL MÉTABOLITE R611965,Chlorothalonil métabolite R611965,142733-37-7,pesticide,metabolite,pertinent_par_defaut,0.1,µg/L,Limite de qualité réglementaire valable pour chaque substance active pesticide et métabolite pertinent,,,4.29,µg/L,Valeur sanitaire transitoire (incluant un intervalle de confiance de 30%) établie par l'agence allemande UBA (utilisée en l'absence de Vmax fixée par l'Anses),,,,Chlorothalonil métabolite R611965,Interdit,
CLTHSYN,,CHLOROTHALONIL MÉTABOLITE SYN507900,Chlorothalonil métabolite SYN507900,115044-73-0,pesticide,metabolite,pertinent_par_defaut,0.1,µg/L,Limite de qualité réglementaire valable pour chaque substance active pesticide et métabolite pertinent,,,0.142,µg/L,Valeur recommandée par le HCSP en l'absence de Vmax ou VST,,,,Chlorothalonil métabolite SYN507900,Interdit,
TBZLM6,,TERBUTHYLAZINE MÉTABOLITE LM6,Terbuthylazine métabolite LM6,,pesticide,metabolite,pertinent_par_defaut,0.1,µg/L,Limite de qualité réglementaire valable pour chaque substance active pesticide et métabolite pertinent,,,0.142,µg/L,Valeur recommandée par le HCSP en l'absence de Vmax ou VST,,,,Terbuthylazine métabolite LM6,Autorisé,
MDB,,MANDESTROBINE,Mandestrobine,173662-97-0,pesticide,sub_active,,0.1,µg/L,Limite de qualité réglementaire valable pour chaque substance active pesticide et métabolite pertinent,,,0.142,µg/L,Valeur recommandée par le HCSP en l'absence de Vmax ou VST,,,,Mandestrobine,,
ISOF,,ISOFETAMID,Isofetamid,875915-78-9,pesticide,sub_active,,0.1,µg/L,Limite de qualité réglementaire valable pour chaque substance active pesticide et métabolite pertinent,,,0.142,µg/L,Valeur recommandée par le HCSP en l'absence de Vmax ou VST,,,,Isofetamid,,
FPDF,,FLUPYRADIFURONE,Flupyradifurone,951659-40-8,pesticide,sub_active,,0.1,µg/L,Limite de qualité réglementaire valable pour chaque substance active pesticide et métabolite pertinent,,,0.142,µg/L,Valeur recommandée par le HCSP en l'absence de Vmax ou VST,,,,Flupyradifurone,,
TOTALPESTICIDE,,,,,pesticide,,,0.5,µg/L,,,,,,,,,,Total pesticides “réglementaire” (substances actives + métabolites pertinents),,
TOTALPESTICIDEALL,,,,,pesticide,,,,,,,,,,,,,,Total tous pesticides,,